UserCardBIN,Channel,rows,TriggerSegment,TriggerSegmentRows,TriggerSegmentApprovalRate,TriggerSegmentMaxConsecutiveDeclines,TriggerSegmentThreshold,triggering_segments
534311,BEST41,100,1,100,0.46,23,8,1
400012,BULL,100,1,89,0.550561797752809,14,8,1
434759,BULL,100,1,69,0.6376811594202898,10,8,1
330548,BATTLE4,100,2,62,0.43548387096774194,10,10,2
469039,SKYDOOR28,100,1,42,0.5714285714285714,11,8,1
510731,SKYDOOR29,100,3,29,0.1724137931034483,18,14,"1, 3"
510731,SKYDOOR29,100,1,10,0.0,10,8,"1, 3"
486198,BEST35,99,1,73,0.5342465753424658,8,8,1
400885,DRIVE753,99,1,56,0.6964285714285714,12,8,"1, 2"
337390,PEACH5,99,1,52,0.5961538461538461,8,8,1
487907,SKYDOOR45,99,4,48,0.10416666666666667,26,20,4
400885,DRIVE753,99,2,43,0.3023255813953488,20,10,"1, 2"
534341,BEST19,98,1,79,0.2911392405063291,11,8,1
481572,BULL3,98,4,76,0.27631578947368424,27,20,4
426674,QUEEN5,97,1,81,0.5925925925925926,10,8,1
500398,SKYDOOR48,97,4,44,0.06818181818181818,36,20,4
524010,BEST46,97,2,19,0.10526315789473684,17,10,2
549454,SKYDOOR19,96,2,73,0.589041095890411,11,10,2
502327,BULL4,96,2,47,0.40425531914893614,11,10,"2, 3"
502327,BULL4,96,3,28,0.14285714285714285,19,14,"2, 3"
536310,DRIVE712,95,1,94,0.3829787234042553,12,8,1
434246,PURPLE2,94,1,85,0.6,8,8,1
504610,DRIVE635,94,1,79,0.5189873417721519,16,8,1
531396,SKYDOOR19,94,2,67,0.16417910447761194,27,10,"1, 2"
330219,BATTLE4,94,2,49,0.10204081632653061,21,10,"1, 2"
330219,BATTLE4,94,1,45,0.3333333333333333,8,8,"1, 2"
436117,BEST45,94,3,44,0.38636363636363635,17,14,3
531396,SKYDOOR19,94,1,27,0.2962962962962963,8,8,"1, 2"
426674,DRIVE793,93,1,93,0.6129032258064516,8,8,1
485963,BEST45,93,3,75,0.04,40,14,3
429534,QUEEN10,93,1,73,0.4246575342465753,10,8,1
400885,DRIVE547,93,4,64,0.0,64,20,"3, 4"
531396,BEST46,93,2,61,0.09836065573770492,19,10,2
486198,DRIVE779,93,3,52,0.09615384615384616,46,14,"3, 4"
486198,DRIVE779,93,4,35,0.11428571428571428,29,20,"3, 4"
435536,BULL3,93,2,34,0.2647058823529412,15,10,2
446603,DRIVE779,93,3,31,0.0967741935483871,19,14,"1, 2, 3"
400885,DRIVE547,93,3,25,0.0,25,14,"3, 4"
446603,DRIVE779,93,2,25,0.08,18,10,"1, 2, 3"
446603,DRIVE779,93,1,13,0.23076923076923078,8,8,"1, 2, 3"
417893,DRIVE787,92,1,87,0.5517241379310345,11,8,1
501373,CCCOIN13,92,2,68,0.10294117647058823,26,10,2
414699,SKYDOOR51,92,3,61,0.29508196721311475,19,14,3
443034,BEST45,92,2,48,0.020833333333333332,24,10,2
536310,SKYDOOR46,92,4,30,0.03333333333333333,23,20,4
414388,SKYDOOR47,92,3,24,0.125,14,14,3
402454,SKYDOOR28,92,2,23,0.17391304347826086,12,10,2
434248,PURPLE,91,1,90,0.4444444444444444,28,8,1
438847,DRIVE749,91,1,74,0.5405405405405406,8,8,1
414388,DRIVE538,91,1,26,0.11538461538461539,12,8,"1, 2"
414388,DRIVE538,91,2,23,0.21739130434782608,13,10,"1, 2"
510518,BEST46,91,1,12,0.08333333333333333,11,8,1
534341,BEST41,90,1,90,0.34444444444444444,18,8,1
502224,DRIVE795,90,1,60,0.5,9,8,1
426674,DRIVE787,90,1,49,0.3469387755102041,8,8,1
522205,SKYDOOR46,90,4,44,0.045454545454545456,27,20,"2, 4"
414388,ORANGE31,90,1,43,0.11627906976744186,14,8,1
522205,SKYDOOR46,90,2,19,0.15789473684210525,14,10,"2, 4"
339272,PEACH5,90,2,17,0.058823529411764705,10,10,2
504224,SKYDOOR29,89,2,37,0.1891891891891892,14,10,"2, 3, 4"
500398,SKYDOOR52,89,4,36,0.027777777777777776,23,20,4
504224,SKYDOOR29,89,4,31,0.03225806451612903,24,20,"2, 3, 4"
524450,BULL4,89,3,26,0.15384615384615385,14,14,"2, 3"
524450,BULL4,89,2,25,0.0,25,10,"2, 3"
504224,SKYDOOR29,89,3,16,0.0625,15,14,"2, 3, 4"
421773,BATTLE11,88,4,88,0.0,88,20,4
482802,BATTLE11,88,4,87,0.0,87,20,4
400885,DRIVE763,88,2,65,0.3076923076923077,37,10,2
527987,DRIVE632,88,1,63,0.6825396825396826,8,8,1
434759,DRIVE658,88,1,60,0.5333333333333333,8,8,1
414699,ATM50,88,3,57,0.017543859649122806,39,14,"2, 3"
504472,SKYDOOR29,88,3,56,0.0,56,14,3
486198,DRIVE759,88,2,46,0.17391304347826086,35,10,"1, 2"
486198,DRIVE759,88,1,42,0.6904761904761905,11,8,"1, 2"
414699,ATM50,88,2,19,0.2631578947368421,11,10,"2, 3"
473692,DRIVE727,87,1,56,0.6785714285714286,8,8,1
482811,BATTLE2,87,4,34,0.0,34,20,"2, 3, 4"
482811,BATTLE2,87,3,33,0.030303030303030304,30,14,"2, 3, 4"
402454,BEST45,87,4,29,0.13793103448275862,21,20,4
482811,BATTLE2,87,2,11,0.0,11,10,"2, 3, 4"
412767,SKYDOOR18,86,2,62,0.3387096774193548,12,10,2
405721,BEST45,86,4,34,0.029411764705882353,33,20,"2, 3, 4"
500915,SKYDOOR29,86,2,34,0.4411764705882353,11,10,2
539800,DRIVE772,86,1,32,0.125,23,8,"1, 2, 3"
539800,DRIVE772,86,2,31,0.0,31,10,"1, 2, 3"
405721,BEST45,86,3,27,0.07407407407407407,23,14,"2, 3, 4"
539800,DRIVE772,86,3,23,0.043478260869565216,21,14,"1, 2, 3"
405721,BEST45,86,2,19,0.0,19,10,"2, 3, 4"
534341,BATTLE6,86,1,19,0.3684210526315789,8,8,1
451301,SKYDOOR16,85,1,85,0.5176470588235295,9,8,1
434247,DRIVE711,85,1,82,0.47560975609756095,8,8,1
433737,BEST45,85,4,60,0.11666666666666667,36,20,4
446603,SILVER,85,1,46,0.30434782608695654,15,8,1
483306,DRIVE755,85,1,25,0.32,9,8,1
486198,OAK,84,1,84,0.5119047619047619,9,8,1
486198,PURPLE,84,1,81,0.32098765432098764,29,8,1
443030,BEST45,84,4,50,0.22,21,20,4
534341,DRIVE364,84,1,42,0.19047619047619047,11,8,1
412128,SKYDOOR18,84,2,39,0.5384615384615384,12,10,2
481100,SKYDOOR28,84,2,37,0.40540540540540543,16,10,2
501326,SKYDOOR29,84,4,34,0.0,34,20,"2, 3, 4"
429410,SKYDOOR18,84,1,30,0.5,9,8,1
501326,SKYDOOR29,84,3,26,0.0,26,14,"2, 3, 4"
501326,SKYDOOR29,84,2,18,0.0,18,10,"2, 3, 4"
449501,SILVER,83,1,55,0.05454545454545454,22,8,"1, 2"
523242,SILVER1,83,1,41,0.21951219512195122,16,8,1
423213,BATTLE2,83,3,31,0.0967741935483871,23,14,"3, 4"
449501,SILVER,83,2,28,0.03571428571428571,26,10,"1, 2"
423213,BATTLE2,83,4,28,0.10714285714285714,20,20,"3, 4"
446603,PEACH6,83,4,25,0.0,25,20,"2, 3, 4"
446603,PEACH6,83,3,23,0.0,23,14,"2, 3, 4"
446603,PEACH6,83,2,23,0.043478260869565216,21,10,"2, 3, 4"
481100,DRIVE771,82,1,77,0.6233766233766234,8,8,1
522205,DRIVE635,82,1,51,0.21568627450980393,8,8,"1, 2"
511847,DRIVE772,82,1,45,0.35555555555555557,9,8,1
502101,SKYDOOR29,82,1,34,0.6176470588235294,11,8,1
522205,DRIVE635,82,2,31,0.0967741935483871,21,10,"1, 2"
413321,PEACH8,82,3,27,0.1111111111111111,17,14,3
417893,SKYDOOR16,81,1,81,0.48148148148148145,14,8,1
442746,PURPLE,81,1,78,0.6025641025641025,17,8,1
444786,BATTLE,81,2,56,0.30357142857142855,11,10,2
486198,SKYDOOR45,81,4,52,0.07692307692307693,24,20,4
498493,DRIVE759,81,2,48,0.2916666666666667,30,10,"1, 2"
534341,BULL1,81,1,47,0.2127659574468085,9,8,1
431396,SKYDOOR28,81,1,46,0.17391304347826086,31,8,1
485330,BEST45,81,4,46,0.15217391304347827,26,20,"2, 4"
504371,BULL4,81,4,45,0.044444444444444446,24,20,"3, 4"
539423,PEACH1,81,1,45,0.4222222222222222,10,8,1
498493,DRIVE759,81,1,33,0.6060606060606061,12,8,"1, 2"
504371,BULL4,81,3,29,0.06896551724137931,20,14,"3, 4"
416036,BEST45,81,2,27,0.18518518518518517,13,10,"2, 3"
482811,SKYDOOR51,81,3,26,0.07692307692307693,14,14,3
416036,BEST45,81,3,24,0.08333333333333333,14,14,"2, 3"
485330,BEST45,81,2,18,0.05555555555555555,17,10,"2, 4"
515685,BEST46,81,2,10,0.0,10,10,2
534341,DRIVE788,80,1,59,0.4067796610169492,8,8,1
534538,BEST46,80,4,38,0.05263157894736842,25,20,"3, 4"
434759,DRIVE787,80,1,38,0.631578947368421,9,8,1
534538,BEST46,80,3,31,0.0967741935483871,19,14,"3, 4"
429534,DRIVE711,79,1,60,0.5833333333333334,8,8,1
536610,PEACH1,79,1,46,0.5652173913043478,10,8,1
498493,DRIVE757,79,2,45,0.2222222222222222,32,10,2
523242,DRIVE632,79,4,35,0.02857142857142857,24,20,"1, 4"
409748,DRIVE537,79,4,28,0.0,28,20,"1, 2, 3, 4"
406085,BATTLE,79,2,23,0.30434782608695654,10,10,2
409748,DRIVE537,79,2,22,0.0,22,10,"1, 2, 3, 4"
409748,DRIVE537,79,3,17,0.0,17,14,"1, 2, 3, 4"
523242,DRIVE632,79,1,15,0.2,10,8,"1, 4"
409748,DRIVE537,79,1,12,0.0,12,8,"1, 2, 3, 4"
521254,PURPLE1,78,1,77,0.5064935064935064,10,8,1
438847,DRIVE656,78,1,73,0.6027397260273972,12,8,1
403436,BEST45,78,4,41,0.04878048780487805,37,20,"2, 3, 4"
413321,BATTLE5,78,3,39,0.15384615384615385,17,14,3
524342,DRIVE721,78,1,36,0.027777777777777776,26,8,"1, 2"
406085,DRIVE547,78,2,23,0.30434782608695654,10,10,2
403436,BEST45,78,3,20,0.0,20,14,"2, 3, 4"
524342,DRIVE721,78,2,20,0.05,15,10,"1, 2"
403436,BEST45,78,2,16,0.0,16,10,"2, 3, 4"
447217,DRIVE454,77,2,56,0.44642857142857145,11,10,2
426928,PEACH,77,1,52,0.5,8,8,1
429534,BEST35,77,1,44,0.29545454545454547,16,8,"1, 2"
523242,DRIVE795,77,2,39,0.1794871794871795,18,10,"1, 2"
523242,DRIVE795,77,1,38,0.18421052631578946,9,8,"1, 2"
429534,BEST35,77,2,33,0.24242424242424243,10,10,"1, 2"
522205,DRIVE772,77,1,30,0.13333333333333333,15,8,"1, 3"
522205,DRIVE772,77,3,25,0.04,17,14,"1, 3"
417893,SKYDOOR18,77,1,24,0.08333333333333333,19,8,1
436608,PURPLE,76,1,76,0.5526315789473685,16,8,1
481572,PURPLE,76,1,64,0.296875,39,8,1
451301,DRIVE779,76,1,60,0.2833333333333333,21,8,1
513698,BEST46,76,2,60,0.13333333333333333,19,10,2
482811,ORANGE31,76,3,50,0.04,43,14,3
470783,DRIVE769,76,2,25,0.24,11,10,2
521252,PURPLE1,75,1,72,0.4027777777777778,10,8,1
505670,OIL2,75,2,66,0.10606060606060606,37,10,2
436608,DRIVE794,75,1,56,0.5535714285714286,8,8,1
438847,DRIVE751,75,1,52,0.36538461538461536,10,8,1
487907,BATTLE,75,2,24,0.375,13,10,2
413012,SKYDOOR18,75,1,23,0.21739130434782608,9,8,1
414388,DRIVE547,75,1,15,0.26666666666666666,9,8,1
470783,DRIVE711,74,1,72,0.5416666666666666,10,8,1
427072,DRIVE711,74,1,71,0.5211267605633803,8,8,1
498493,PURPLE,74,1,65,0.5846153846153846,10,8,1
534341,DRIVE347,74,1,51,0.35294117647058826,11,8,1
426674,DRIVE769,74,1,47,0.5531914893617021,9,8,1
429534,BULL3,74,3,46,0.13043478260869565,23,14,3
440383,DRIVE761,74,2,45,0.06666666666666667,41,10,"1, 2"
486198,DRIVE753,74,1,41,0.5365853658536586,16,8,"1, 2"
532533,SKYDOOR29,74,2,36,0.1388888888888889,14,10,"2, 3"
536310,BULL1,74,1,36,0.25,9,8,1
486198,DRIVE753,74,2,33,0.2727272727272727,19,10,"1, 2"
486198,BATTLE2,74,4,31,0.16129032258064516,21,20,"3, 4"
440383,DRIVE761,74,1,29,0.3103448275862069,17,8,"1, 2"
532533,SKYDOOR29,74,3,25,0.16,16,14,"2, 3"
534341,DRIVE721,74,1,24,0.2916666666666667,13,8,1
486198,BATTLE2,74,3,23,0.08695652173913043,21,14,"3, 4"
402077,SKYDOOR18,73,2,54,0.12962962962962962,18,10,"1, 2"
505670,PURPLE1,73,1,52,0.28846153846153844,28,8,"1, 2"
539800,SKYDOOR46,73,3,29,0.0,29,14,"2, 3, 4"
539800,SKYDOOR46,73,4,26,0.0,26,20,"2, 3, 4"
443035,PEACH6,73,1,24,0.5,8,8,1
451301,BEST45,73,4,22,0.0,22,20,"1, 2, 3, 4"
534341,BULL4,73,3,21,0.047619047619047616,17,14,3
402077,SKYDOOR18,73,1,19,0.2631578947368421,9,8,"1, 2"
451301,BEST45,73,3,18,0.0,18,14,"1, 2, 3, 4"
539800,SKYDOOR46,73,2,18,0.0,18,10,"2, 3, 4"
451301,BEST45,73,1,17,0.0,17,8,"1, 2, 3, 4"
451301,BEST45,73,2,16,0.0625,11,10,"1, 2, 3, 4"
505670,PURPLE1,73,2,11,0.0,11,10,"1, 2"
511847,PURPLE1,72,1,72,0.5,16,8,1
444786,PURPLE,72,1,65,0.4,11,8,1
524450,SKYDOOR19,72,2,64,0.390625,11,10,2
494628,BEST45,72,2,18,0.1111111111111111,11,10,2
339273,SILVER8,71,1,60,0.4,9,8,1
449501,DRIVE738,71,1,57,0.017543859649122806,31,8,"1, 2"
532537,DRIVE786,71,1,49,0.22448979591836735,11,8,1
451301,SKYDOOR18,71,1,44,0.38636363636363635,9,8,"1, 2"
330891,PEACH5,71,1,44,0.6136363636363636,8,8,1
482802,DRIVE537,71,3,28,0.07142857142857142,19,14,3
451301,SKYDOOR18,71,2,27,0.4074074074074074,10,10,"1, 2"
449501,DRIVE738,71,2,14,0.0,14,10,"1, 2"
513075,SKYDOOR29,71,1,12,0.16666666666666666,8,8,1
514032,SKYDOOR29,70,1,38,0.15789473684210525,9,8,1
539800,DRIVE635,70,2,36,0.027777777777777776,28,10,"1, 2"
539800,DRIVE635,70,1,34,0.029411764705882353,30,8,"1, 2"
414730,PURPLE,69,1,68,0.6470588235294118,11,8,1
424632,SKYDOOR18,69,2,55,0.4,10,10,2
431493,DRIVE771,69,1,42,0.2619047619047619,15,8,1
548335,BEST46,69,2,41,0.04878048780487805,27,10,2
411800,SKYDOOR49,69,4,38,0.0,38,20,"2, 3, 4"
535654,SKYDOOR29,69,3,31,0.0,31,14,"1, 2, 3, 4"
407983,BEST45,69,2,31,0.22580645161290322,13,10,2
536310,SKYDOOR52,69,2,25,0.08,17,10,2
532426,PEACH7,69,2,25,0.12,14,10,"1, 2"
535654,SKYDOOR29,69,4,20,0.0,20,20,"1, 2, 3, 4"
532426,PEACH7,69,1,20,0.25,9,8,"1, 2"
411800,SKYDOOR49,69,3,16,0.0,16,14,"2, 3, 4"
411800,SKYDOOR49,69,2,14,0.0,14,10,"2, 3, 4"
535654,SKYDOOR29,69,2,10,0.0,10,10,"1, 2, 3, 4"
535654,SKYDOOR29,69,1,8,0.0,8,8,"1, 2, 3, 4"
542427,PURPLE1,68,1,68,0.0,68,8,1
482802,SILVER,68,2,40,0.4,11,10,2
414699,BATTLE2,68,3,34,0.0,34,14,"2, 3, 4"
539800,DRIVE632,68,1,33,0.0,33,8,"1, 2, 3"
527805,DRIVE772,68,2,31,0.1935483870967742,20,10,2
434246,DRIVE755,68,1,30,0.5666666666666667,8,8,1
414699,BATTLE2,68,4,21,0.0,21,20,"2, 3, 4"
539800,DRIVE632,68,2,16,0.0,16,10,"1, 2, 3"
539800,DRIVE632,68,3,15,0.06666666666666667,14,14,"1, 2, 3"
446603,DRIVE656,68,2,14,0.07142857142857142,12,10,2
414699,BATTLE2,68,2,13,0.0,13,10,"2, 3, 4"
469039,SKYDOOR16,67,1,67,0.5522388059701493,10,8,1
438847,DRIVE658,67,1,62,0.3870967741935484,13,8,1
473692,DRIVE204,67,1,62,0.6935483870967742,8,8,1
447904,BEST45,67,4,45,0.08888888888888889,33,20,4
482811,SKYDOOR45,67,4,44,0.0,44,20,4
414699,SKYDOOR45,67,3,43,0.16279069767441862,20,14,3
447217,DRIVE763,67,2,39,0.15384615384615385,25,10,"1, 2"
411590,SKYDOOR28,67,4,35,0.0,35,20,"2, 3, 4"
539800,DRIVE643,67,1,30,0.03333333333333333,29,8,"1, 2"
447217,DRIVE763,67,1,28,0.5714285714285714,8,8,"1, 2"
400221,BEST45,67,4,26,0.038461538461538464,21,20,"2, 4"
436608,DRIVE779,67,2,25,0.28,10,10,2
411590,SKYDOOR28,67,3,21,0.0,21,14,"2, 3, 4"
400221,BEST45,67,2,20,0.15,11,10,"2, 4"
539800,DRIVE643,67,2,19,0.0,19,10,"1, 2"
411590,SKYDOOR28,67,2,11,0.0,11,10,"2, 3, 4"
431396,SKYDOOR16,66,1,66,0.07575757575757576,35,8,1
501178,DRIVE795,66,1,66,0.6060606060606061,10,8,1
429534,BATTLE7,66,1,65,0.0,65,8,1
400885,BATTLE11,66,4,64,0.0,64,20,4
339201,DRIVE695,66,1,57,0.5263157894736842,8,8,1
493099,ORANGE31,66,1,52,0.5384615384615384,8,8,1
447217,ORANGE32,66,4,41,0.0,41,20,"2, 4"
438847,PEACH8,66,1,41,0.3902439024390244,17,8,1
434458,SKYDOOR18,66,1,41,0.2682926829268293,10,8,1
406085,DRIVE538,66,1,33,0.21212121212121213,14,8,1
413321,SILVER,66,1,28,0.14285714285714285,20,8,1
442858,SKYDOOR28,66,3,25,0.16,15,14,3
409748,DRIVE547,66,4,22,0.0,22,20,"1, 2, 3, 4"
409748,DRIVE547,66,3,19,0.0,19,14,"1, 2, 3, 4"
447217,PURPLE2,66,2,17,0.17647058823529413,10,10,2
409748,DRIVE547,66,2,15,0.0,15,10,"1, 2, 3, 4"
409748,DRIVE547,66,1,10,0.0,10,8,"1, 2, 3, 4"
447217,ORANGE32,66,2,10,0.0,10,10,"2, 4"
329909,PEACH5,65,4,65,0.0,65,20,4
501178,SILVER10,65,1,65,0.2923076923076923,28,8,1
548112,SKYDOOR19,65,2,65,0.5846153846153846,12,10,2
431396,DRIVE711,65,1,65,0.26153846153846155,11,8,1
515357,BEST41,65,1,65,0.5538461538461539,9,8,1
427072,DRIVE658,65,1,63,0.6190476190476191,16,8,1
414710,PURPLE,65,1,56,0.125,44,8,1
442746,DRIVE658,65,1,49,0.5714285714285714,9,8,1
403985,BEST45,65,4,41,0.0,41,20,4
536310,SILVER10,65,1,40,0.425,11,8,1
402338,BEST45,65,2,37,0.02702702702702703,34,10,2
491278,SKYDOOR18,65,1,26,0.3076923076923077,8,8,1
516220,BULL4,65,3,25,0.08,21,14,3
505551,BEST46,65,2,14,0.14285714285714285,12,10,2
529683,PURPLE1,64,1,64,0.453125,16,8,1
507794,DRIVE712,64,1,60,0.38333333333333336,13,8,1
401089,SKYDOOR18,64,2,57,0.49122807017543857,10,10,2
440056,BULL,64,1,35,0.4,12,8,"1, 2"
522205,SKYDOOR52,64,4,33,0.0,33,20,"3, 4"
406085,BATTLE5,64,2,30,0.4,11,10,2
440056,BULL,64,2,29,0.10344827586206896,11,10,"1, 2"
522205,SKYDOOR52,64,3,25,0.08,17,14,"3, 4"
500799,SKYDOOR19,63,2,62,0.3064516129032258,20,10,2
417893,DRIVE779,63,1,40,0.1,21,8,1
443034,PEACH6,63,1,35,0.45714285714285713,8,8,1
486198,DRIVE763,63,2,34,0.17647058823529413,25,10,2
449501,PEACH,63,1,34,0.2647058823529412,10,8,"1, 2"
406085,SILVER9,63,1,29,0.41379310344827586,10,8,1
449501,PEACH,63,2,28,0.03571428571428571,26,10,"1, 2"
515149,SKYDOOR29,63,2,25,0.04,17,10,"2, 4"
515149,SKYDOOR29,63,4,20,0.0,20,20,"2, 4"
330103,SKYDOOR43,63,1,20,0.35,9,8,1
339201,ATM35,62,1,59,0.4915254237288136,8,8,1
339273,ATM35,62,1,56,0.4642857142857143,9,8,1
532537,PURPLE1,62,1,51,0.27450980392156865,12,8,1
446603,DRIVE794,62,1,44,0.4318181818181818,8,8,1
434247,DRIVE751,62,1,42,0.5952380952380952,8,8,1
524342,DRIVE632,62,1,26,0.0,26,8,"1, 2"
524342,DRIVE632,62,2,15,0.0,15,10,"1, 2"
539423,DRIVE712,61,1,61,0.4426229508196721,8,8,1
515356,SKYDOOR19,61,2,53,0.0,53,10,"1, 2"
330219,ATM47,61,1,49,0.46938775510204084,11,8,1
414730,DRIVE794,61,1,45,0.6666666666666666,8,8,1
301078,DRIVE695,61,1,43,0.3953488372093023,14,8,1
332568,SKYDOOR43,61,2,40,0.125,24,10,"1, 2"
405366,SKYDOOR28,61,2,39,0.0,39,10,"2, 3"
405366,SKYDOOR28,61,3,14,0.0,14,14,"2, 3"
476960,PEACH6,61,3,14,0.0,14,14,3
332568,SKYDOOR43,61,1,11,0.09090909090909091,8,8,"1, 2"
481100,SKYDOOR18,61,1,10,0.0,10,8,1
515356,SKYDOOR19,61,1,8,0.0,8,8,"1, 2"
461036,PURPLE,60,1,60,0.55,16,8,1
535952,PURPLE1,60,1,59,0.3220338983050847,27,8,1
522205,DRIVE721,60,1,42,0.16666666666666666,20,8,1
522205,SKYDOOR50,60,4,28,0.0,28,20,"3, 4"
466339,ORANGE31,60,3,28,0.2857142857142857,17,14,3
522205,SKYDOOR50,60,3,24,0.0,24,14,"3, 4"
500347,DRIVE364,59,1,59,0.559322033898305,10,8,1
451301,DRIVE711,59,1,56,0.5,12,8,1
473692,QUEEN8,59,1,54,0.6481481481481481,8,8,1
421773,PEACH9,59,2,53,0.16981132075471697,30,10,2
532412,DRIVE772,59,3,49,0.22448979591836735,18,14,3
498493,DRIVE761,59,2,42,0.19047619047619047,27,10,2
463143,DRIVE771,59,1,42,0.5,14,8,1
498493,DRIVE753,59,2,39,0.3333333333333333,22,10,2
444786,BEST45,59,4,32,0.09375,23,20,"3, 4"
409748,PEACH6,59,4,27,0.0,27,20,"1, 3, 4"
444786,BEST45,59,3,25,0.0,25,14,"3, 4"
421146,SKYDOOR28,59,1,25,0.56,8,8,1
462182,BEST45,59,2,20,0.1,13,10,2
451301,SKYDOOR49,59,1,16,0.0,16,8,1
409748,PEACH6,59,3,14,0.0,14,14,"1, 3, 4"
409748,PEACH6,59,1,12,0.0,12,8,"1, 3, 4"
413321,ORANGE31,59,1,12,0.08333333333333333,8,8,1
542730,SKYDOOR29,59,1,12,0.25,8,8,1
532537,DRIVE712,58,2,58,0.06896551724137931,17,10,2
420757,DRIVE658,58,1,48,0.5833333333333334,10,8,1
414730,BULL,58,1,44,0.4090909090909091,9,8,1
440056,PURPLE,58,1,43,0.37209302325581395,17,8,1
401144,SKYDOOR49,58,2,35,0.34285714285714286,10,10,2
511301,PEACH1,58,1,31,0.5483870967741935,9,8,1
330548,PEACH5,58,2,27,0.2962962962962963,15,10,2
409748,DRIVE779,58,2,23,0.0,23,10,"2, 3"
539800,SKYDOOR48,58,3,22,0.0,22,14,"2, 3, 4"
539800,SKYDOOR48,58,4,21,0.0,21,20,"2, 3, 4"
409748,DRIVE779,58,3,15,0.0,15,14,"2, 3"
539800,SKYDOOR48,58,2,15,0.06666666666666667,14,10,"2, 3, 4"
414388,PEACH6,58,1,14,0.07142857142857142,9,8,1
431396,DRIVE771,57,1,57,0.19298245614035087,36,8,1
412767,SKYDOOR16,57,1,57,0.45614035087719296,10,8,1
421773,SKYDOOR16,57,1,57,0.3333333333333333,9,8,1
502224,PURPLE1,57,1,54,0.3333333333333333,27,8,1
427072,BATTLE14,57,1,50,0.68,8,8,1
461598,SKYDOOR28,57,2,41,0.3902439024390244,14,10,2
511301,DRIVE772,57,1,36,0.4444444444444444,9,8,1
423213,DRIVE779,57,3,33,0.12121212121212122,26,14,3
400334,DRIVE771,57,2,23,0.17391304347826086,14,10,2
500398,DRIVE772,57,1,20,0.1,15,8,"1, 2, 3"
539800,PEACH7,57,2,20,0.2,13,10,"1, 2"
500398,DRIVE772,57,3,19,0.10526315789473684,16,14,"1, 2, 3"
500398,DRIVE772,57,2,18,0.1111111111111111,11,10,"1, 2, 3"
539800,PEACH7,57,1,16,0.0,16,8,"1, 2"
547613,SKYDOOR29,57,2,14,0.07142857142857142,10,10,2
403774,DRIVE779,57,1,14,0.2857142857142857,9,8,1
468829,QUEEN5,56,1,56,0.7678571428571429,11,8,1
522205,DRIVE712,56,1,54,0.3148148148148148,13,8,1
417893,PEACH8,56,1,47,0.19148936170212766,19,8,1
515356,SKYDOOR46,56,4,42,0.0,42,20,4
339700,SKYDOOR43,56,2,41,0.5365853658536586,13,10,2
449501,DRIVE751,56,1,40,0.0,40,8,"1, 2"
527026,DRIVE635,56,2,39,0.07692307692307693,20,10,"1, 2"
414699,DRIVE658,56,1,39,0.4358974358974359,12,8,1
400885,DRIVE759,56,2,36,0.16666666666666666,29,10,"1, 2"
508719,BATTLE8,56,2,29,0.0,29,10,"1, 2"
519574,PEACH7,56,1,28,0.0,28,8,"1, 2"
524342,BATTLE12,56,3,27,0.07407407407407407,15,14,3
446603,DRIVE537,56,2,21,0.0,21,10,2
400885,DRIVE759,56,1,20,0.4,11,8,"1, 2"
409748,PEACH,56,1,18,0.0,18,8,1
519574,PEACH7,56,2,17,0.0,17,10,"1, 2"
527026,DRIVE635,56,1,17,0.0,17,8,"1, 2"
449501,DRIVE751,56,2,16,0.0,16,10,"1, 2"
508719,BATTLE8,56,1,11,0.0,11,8,"1, 2"
431396,PURPLE,55,1,55,0.5272727272727272,13,8,1
446603,SKYDOOR16,55,1,55,0.2545454545454545,12,8,1
403206,PURPLE,55,1,54,0.4444444444444444,9,8,1
414708,PURPLE,55,1,52,0.4807692307692308,8,8,1
519574,DRIVE788,55,1,49,0.0,49,8,1
522205,CCCOIN13,55,2,35,0.0,35,10,"1, 2"
548152,DRIVE772,55,1,35,0.6285714285714286,8,8,1
339745,SKYDOOR43,55,1,34,0.5294117647058824,8,8,1
519574,SILVER1,55,1,32,0.0,32,8,"1, 2"
434458,SKYDOOR28,55,1,30,0.1,18,8,"1, 2"
410871,PEACH9,55,2,30,0.4666666666666667,12,10,2
549898,BEST46,55,3,25,0.16,15,14,3
434458,SKYDOOR28,55,2,24,0.25,17,10,"1, 2"
519574,SILVER1,55,2,23,0.0,23,10,"1, 2"
524630,SKYDOOR29,55,4,22,0.0,22,20,"2, 4"
522205,CCCOIN13,55,1,20,0.05,12,8,"1, 2"
536310,SKYDOOR48,55,3,17,0.0,17,14,3
524630,SKYDOOR29,55,2,16,0.0,16,10,"2, 4"
405196,BEST45,55,2,12,0.0,12,10,2
520023,BEST46,55,2,12,0.0,12,10,2
516219,BEST46,54,1,43,0.5581395348837209,8,8,1
469483,SKYDOOR18,54,1,40,0.175,19,8,1
470783,DRIVE794,54,1,36,0.5,10,8,1
433067,BEST45,54,2,16,0.125,13,10,2
500398,MAYDAY2,53,1,53,0.33962264150943394,9,8,1
413321,SKYDOOR16,53,1,53,0.41509433962264153,8,8,1
480199,PEACH9,53,2,41,0.2682926829268293,19,10,2
436608,BEST48,53,1,37,0.5405405405405406,8,8,1
523242,CCCOIN13,53,2,36,0.16666666666666666,25,10,"1, 2"
421773,DRIVE711,53,1,35,0.4,15,8,1
405366,BEST45,53,2,34,0.47058823529411764,15,10,2
473692,DRIVE757,53,1,34,0.5294117647058824,9,8,1
523242,DRIVE772,53,3,33,0.0,33,14,"1, 2, 3"
505672,CCCOIN13,53,1,33,0.6060606060606061,8,8,1
426488,SKYDOOR28,53,4,30,0.0,30,20,4
451119,DRIVE779,53,2,23,0.0,23,10,"1, 2"
528913,BEST46,53,3,23,0.043478260869565216,22,14,"2, 3"
500398,PEACH7,53,2,21,0.0,21,10,"1, 2"
527026,DRIVE722,53,1,21,0.09523809523809523,19,8,1
500398,PEACH7,53,1,17,0.058823529411764705,9,8,"1, 2"
523242,CCCOIN13,53,1,17,0.058823529411764705,8,8,"1, 2"
526075,BEST46,53,3,15,0.0,15,14,3
534762,BULL4,53,2,15,0.13333333333333333,12,10,2
523242,DRIVE772,53,2,12,0.0,12,10,"1, 2, 3"
528913,BEST46,53,2,11,0.0,11,10,"2, 3"
451119,DRIVE779,53,1,8,0.0,8,8,"1, 2"
523242,DRIVE772,53,1,8,0.0,8,8,"1, 2, 3"
523242,PEACH7,53,1,8,0.0,8,8,1
482811,BATTLE11,52,4,52,0.0,52,20,4
440383,DRIVE753,52,2,41,0.024390243902439025,30,10,"1, 2"
435986,SKYDOOR28,52,2,40,0.175,17,10,2
405366,DRIVE537,52,2,40,0.275,15,10,2
414699,DRIVE537,52,3,37,0.0,37,14,3
526075,SKYDOOR19,52,2,34,0.29411764705882354,12,10,2
501373,DRIVE635,52,2,33,0.09090909090909091,21,10,"1, 2"
486198,DRIVE761,52,2,31,0.0967741935483871,23,10,2
424595,SKYDOOR18,52,2,31,0.25806451612903225,17,10,2
339737,SKYDOOR43,52,1,31,0.6451612903225806,9,8,1
504610,SKYDOOR46,52,4,29,0.0,29,20,4
446603,SKYDOOR49,52,4,29,0.034482758620689655,27,20,"3, 4"
534762,BEST46,52,2,22,0.09090909090909091,14,10,2
482811,DRIVE761,52,2,20,0.25,11,10,2
451130,SKYDOOR18,52,1,20,0.3,9,8,1
501373,DRIVE635,52,1,19,0.3157894736842105,8,8,"1, 2"
446603,SKYDOOR49,52,3,15,0.0,15,14,"3, 4"
417893,BULL3,52,1,13,0.0,13,8,1
431493,DRIVE547,52,1,13,0.15384615384615385,10,8,1
440383,DRIVE753,52,1,11,0.0,11,8,"1, 2"
506272,ORANGE22,51,1,46,0.6304347826086957,11,8,1
337390,BATTLE4,51,1,43,0.2558139534883721,18,8,1
438847,ATM50,51,1,39,0.6410256410256411,10,8,1
434759,PURPLE,51,1,38,0.39473684210526316,18,8,1
532533,DRIVE635,51,1,35,0.5142857142857142,9,8,1
506642,SKYDOOR19,51,2,34,0.0,34,10,"1, 2"
413321,BATTLE2,51,4,33,0.0,33,20,"3, 4"
474603,BEST45,51,2,33,0.3333333333333333,16,10,2
532537,PURPLE3,51,1,30,0.16666666666666666,15,8,1
498493,ORANGE32,51,4,27,0.0,27,20,"3, 4"
524297,SKYDOOR29,51,4,27,0.0,27,20,4
511327,SKYDOOR29,51,2,24,0.0,24,10,"2, 3"
400889,DRIVE547,51,1,23,0.4782608695652174,9,8,1
511327,SKYDOOR29,51,3,21,0.0,21,14,"2, 3"
400888,SKYDOOR28,51,2,17,0.0,17,10,2
498493,ORANGE32,51,3,17,0.0,17,14,"3, 4"
506642,SKYDOOR19,51,1,17,0.0,17,8,"1, 2"
536310,SKYDOOR50,51,3,15,0.0,15,14,3
413321,BATTLE2,51,3,14,0.0,14,14,"3, 4"
403153,BATTLE11,50,4,43,0.0,43,20,4
431493,DRIVE787,50,1,38,0.5789473684210527,8,8,1
339273,BULL2,50,1,37,0.32432432432432434,8,8,1
449501,DRIVE794,50,1,36,0.1111111111111111,25,8,1
548152,CCCOIN13,50,2,32,0.28125,10,10,2
524342,DRIVE635,50,2,30,0.0,30,10,"1, 2"
330219,WINE,50,1,29,0.3448275862068966,9,8,"1, 2"
440383,SKYDOOR47,50,3,23,0.17391304347826086,18,14,3
524342,DRIVE635,50,1,20,0.0,20,8,"1, 2"
330219,WINE,50,2,18,0.2777777777777778,10,10,"1, 2"
547561,SKYDOOR29,50,2,13,0.0,13,10,2
449501,SKYDOOR16,49,1,49,0.24489795918367346,22,8,1
538965,DRIVE347,49,1,49,0.3877551020408163,10,8,1
486786,PURPLE,49,1,48,0.6458333333333334,9,8,1
458443,SKYDOOR18,49,2,45,0.17777777777777778,10,10,2
486198,DRIVE398,49,1,43,0.3023255813953488,9,8,1
539339,SKYDOOR29,49,4,32,0.0,32,20,4
451119,SKYDOOR49,49,4,28,0.0,28,20,4
524342,DRIVE741,49,1,28,0.03571428571428571,24,8,"1, 2"
433737,DRIVE779,49,1,27,0.5555555555555556,10,8,1
403895,BEST45,49,4,26,0.0,26,20,4
402338,BULL3,49,2,25,0.04,24,10,2
514360,SKYDOOR29,49,2,25,0.04,12,10,2
339273,DRIVE490,49,1,25,0.12,9,8,1
409748,ORANGE31,49,3,22,0.0,22,14,"1, 2, 3"
413321,DRIVE538,49,4,21,0.0,21,20,"2, 4"
524342,DRIVE741,49,2,21,0.0,21,10,"1, 2"
409748,ORANGE31,49,1,15,0.0,15,8,"1, 2, 3"
413321,DRIVE538,49,2,14,0.0,14,10,"2, 4"
409748,ORANGE31,49,2,12,0.0,12,10,"1, 2, 3"
414388,PEACH8,49,1,12,0.0,12,8,1
514032,DRIVE635,48,1,43,0.23255813953488372,16,8,1
447217,DRIVE761,48,2,41,0.12195121951219512,32,10,2
494129,BEST45,48,3,41,0.24390243902439024,14,14,3
534341,DRIVE710,48,1,35,0.42857142857142855,9,8,1
337390,BEST37,48,1,28,0.4642857142857143,10,8,1
534341,DRIVE726,48,1,28,0.2857142857142857,8,8,1
421773,DRIVE761,48,2,21,0.047619047619047616,20,10,2
418992,DRIVE538,48,2,20,0.25,11,10,2
446603,DRIVE454,48,2,17,0.11764705882352941,11,10,2
418930,SKYDOOR28,48,3,15,0.0,15,14,"1, 3"
411800,DRIVE537,48,1,13,0.0,13,8,1
418930,SKYDOOR28,48,1,10,0.0,10,8,"1, 3"
501178,BEST19,47,1,47,0.1276595744680851,30,8,1
494129,BULL3,47,3,43,0.0,43,14,3
480626,SKYDOOR28,47,1,43,0.5581395348837209,8,8,1
507540,BULL1,47,1,37,0.6216216216216216,9,8,1
334554,SKYDOOR43,47,2,33,0.42424242424242425,16,10,2
524342,DRIVE764,47,1,27,0.2222222222222222,8,8,"1, 2"
482811,DRIVE538,47,3,22,0.0,22,14,"2, 3"
524342,DRIVE764,47,2,20,0.1,13,10,"1, 2"
539800,DRIVE722,47,1,18,0.0,18,8,1
413321,DRIVE727,47,1,18,0.2222222222222222,11,8,1
446603,DRIVE538,47,2,15,0.0,15,10,2
482811,DRIVE538,47,2,15,0.0,15,10,"2, 3"
411228,BEST45,47,2,12,0.0,12,10,2
482802,BATTLE2,47,2,12,0.16666666666666666,10,10,2
505936,BEST41,46,1,46,0.5,8,8,1
424621,BATTLE11,46,4,44,0.22727272727272727,21,20,4
402008,SKYDOOR28,46,4,25,0.0,25,20,"2, 4"
425798,SILVER,46,1,25,0.48,8,8,1
524010,DRIVE772,46,3,22,0.09090909090909091,15,14,3
476960,DRIVE771,46,1,22,0.09090909090909091,13,8,1
536674,SKYDOOR29,46,3,15,0.0,15,14,3
402008,SKYDOOR28,46,2,14,0.0,14,10,"2, 4"
447904,BULL3,45,4,33,0.09090909090909091,22,20,4
447217,DRIVE759,45,2,25,0.32,16,10,"1, 2"
415148,BEST45,45,4,24,0.0,24,20,"2, 4"
539800,BATTLE12,45,4,22,0.0,22,20,"2, 4"
548092,BEST46,45,2,22,0.2727272727272727,10,10,2
426488,BEST45,45,3,20,0.0,20,14,"1, 3"
527026,SKYDOOR52,45,2,20,0.05,13,10,2
447217,DRIVE759,45,1,20,0.25,9,8,"1, 2"
539800,BATTLE12,45,2,14,0.07142857142857142,11,10,"2, 4"
415148,BEST45,45,2,13,0.15384615384615385,10,10,"2, 4"
520805,BEST46,45,2,12,0.0,12,10,"1, 2"
520805,BEST46,45,1,10,0.0,10,8,"1, 2"
426488,BEST45,45,1,8,0.0,8,8,"1, 3"
405366,SKYDOOR18,44,2,44,0.0,44,10,2
511261,PURPLE1,44,1,44,0.11363636363636363,37,8,1
400885,DRIVE755,44,2,43,0.06976744186046512,36,10,2
417893,DRIVE658,44,1,43,0.11627906976744186,16,8,1
447217,PEACH9,44,2,33,0.06060606060606061,26,10,"1, 2"
519056,BEST46,44,4,30,0.0,30,20,4
539800,BULL1,44,1,30,0.03333333333333333,28,8,"1, 2"
486198,BATTLE,44,2,29,0.13793103448275862,13,10,"1, 2"
403756,DRIVE538,44,1,29,0.3793103448275862,8,8,1
504610,SKYDOOR52,44,4,28,0.03571428571428571,22,20,4
440383,DRIVE759,44,1,25,0.0,25,8,"1, 2"
524342,BULL1,44,1,25,0.0,25,8,"1, 2"
426674,BATTLE,44,1,23,0.08695652173913043,19,8,1
504224,BULL4,44,4,21,0.0,21,20,"2, 4"
548662,SKYDOOR29,44,2,21,0.2857142857142857,12,10,2
511327,BULL4,44,3,20,0.0,20,14,"2, 3"
511327,BULL4,44,2,20,0.0,20,10,"2, 3"
440383,DRIVE759,44,2,19,0.0,19,10,"1, 2"
524342,BULL1,44,2,19,0.05263157894736842,13,10,"1, 2"
504224,BULL4,44,2,18,0.0,18,10,"2, 4"
486198,BATTLE,44,1,15,0.0,15,8,"1, 2"
539800,BULL1,44,2,14,0.0,14,10,"1, 2"
474655,BEST45,44,2,14,0.14285714285714285,10,10,2
447217,PEACH9,44,1,11,0.0,11,8,"1, 2"
501178,PEACH7,43,1,43,0.046511627906976744,27,8,1
533149,SILVER10,43,1,43,0.3953488372093023,15,8,1
507794,PURPLE1,43,1,43,0.23255813953488372,10,8,1
541251,DRIVE364,43,1,43,0.37209302325581395,8,8,1
449501,BULL3,43,2,39,0.02564102564102564,30,10,2
423213,DRIVE765,43,2,36,0.1111111111111111,30,10,2
539800,DRIVE741,43,1,29,0.10344827586206896,16,8,"1, 2"
451430,SKYDOOR28,43,4,26,0.0,26,20,"2, 4"
476960,BEST45,43,4,25,0.04,23,20,4
548335,SKYDOOR29,43,2,22,0.0,22,10,2
337390,SILVER3,43,1,22,0.45454545454545453,9,8,1
522205,DRIVE632,43,1,17,0.0,17,8,1
500398,DRIVE597,43,1,16,0.0,16,8,"1, 2"
535654,BEST46,43,3,14,0.0,14,14,3
539800,DRIVE741,43,2,14,0.0,14,10,"1, 2"
451430,SKYDOOR28,43,2,12,0.0,12,10,"2, 4"
500398,DRIVE597,43,2,12,0.0,12,10,"1, 2"
403774,BATTLE,43,2,11,0.0,11,10,2
414388,BATTLE11,42,4,42,0.023809523809523808,26,20,4
483458,SKYDOOR16,42,1,42,0.4523809523809524,13,8,1
516219,DRIVE721,42,1,39,0.358974358974359,14,8,1
519574,DRIVE712,42,1,38,0.0,38,8,1
451119,SKYDOOR18,42,2,37,0.0,37,10,2
446603,DRIVE796,42,1,37,0.2702702702702703,9,8,1
414708,BULL,42,1,36,0.3055555555555556,10,8,1
442722,DRIVE771,42,1,34,0.5588235294117647,8,8,1
487907,ORANGE31,42,3,33,0.0,33,14,3
339273,BATTLE4,42,1,30,0.2,20,8,1
524342,DRIVE347,42,2,24,0.0,24,10,"1, 2"
530379,PEACH7,42,1,22,0.4090909090909091,8,8,1
501326,BULL4,42,3,18,0.0,18,14,3
524342,DRIVE347,42,1,18,0.0,18,8,"1, 2"
532490,SKYDOOR19,42,2,16,0.0625,14,10,2
515149,BEST46,42,2,15,0.0,15,10,2
446603,SKYDOOR51,42,3,14,0.0,14,14,3
446603,BATTLE2,42,2,13,0.0,13,10,2
522205,DRIVE597,42,2,13,0.0,13,10,2
524630,BULL4,42,2,12,0.0,12,10,2
483303,PURPLE,41,1,41,0.5121951219512195,10,8,1
409748,BATTLE11,41,4,40,0.0,40,20,4
487907,DRIVE796,41,1,32,0.46875,8,8,1
485963,DRIVE779,41,3,27,0.18518518518518517,20,14,"2, 3"
498493,BATTLE,41,2,27,0.07407407407407407,19,10,"1, 2"
524342,SKYDOOR48,41,4,24,0.0,24,20,4
504744,SKYDOOR29,41,2,21,0.09523809523809523,11,10,2
522205,PEACH7,41,1,20,0.25,8,8,1
428824,SKYDOOR28,41,2,19,0.3157894736842105,12,10,2
498493,BATTLE,41,1,14,0.0,14,8,"1, 2"
485963,DRIVE779,41,2,13,0.07692307692307693,12,10,"2, 3"
542219,SKYDOOR29,41,1,13,0.07692307692307693,11,8,1
446603,DRIVE547,41,2,10,0.0,10,10,2
501178,DRIVE712,40,1,40,0.0,40,8,1
501373,BULL4,40,2,40,0.075,24,10,2
532537,OAK1,40,1,40,0.325,14,8,1
541251,QUEEN11,40,1,40,0.45,12,8,1
332720,OIL4,40,1,40,0.55,10,8,1
536610,PURPLE1,40,1,39,0.48717948717948717,11,8,1
403774,DRIVE711,40,1,38,0.13157894736842105,18,8,1
451301,DRIVE727,40,1,36,0.4166666666666667,15,8,1
470783,BATTLE14,40,1,35,0.5428571428571428,8,8,1
405366,BULL3,40,2,32,0.0,32,10,2
487907,PEACH9,40,2,27,0.14814814814814814,21,10,2
516219,SKYDOOR29,40,1,27,0.18518518518518517,12,8,1
513674,SKYDOOR29,40,4,26,0.0,26,20,4
510587,SKYDOOR29,40,2,25,0.16,20,10,2
417893,BATTLE2,40,1,25,0.12,15,8,1
531396,DRIVE597,40,1,25,0.28,8,8,1
527026,DRIVE597,40,2,24,0.0,24,10,2
524342,DRIVE364,40,1,23,0.0,23,8,"1, 2"
539339,BEST46,40,4,22,0.0,22,20,"3, 4"
531396,DRIVE635,40,1,22,0.18181818181818182,15,8,"1, 2"
413321,BULL,40,1,22,0.18181818181818182,8,8,1
482811,DRIVE547,40,3,20,0.0,20,14,3
522205,SKYDOOR48,40,4,20,0.0,20,20,"3, 4"
500398,BULL1,40,1,20,0.05,10,8,1
446603,ORANGE31,40,3,18,0.0,18,14,"1, 2, 3"
531396,DRIVE635,40,2,18,0.1111111111111111,11,10,"1, 2"
524342,DRIVE364,40,2,17,0.0,17,10,"1, 2"
522205,SKYDOOR48,40,3,15,0.0,15,14,"3, 4"
524342,DRIVE722,40,2,15,0.13333333333333333,12,10,"1, 2"
539339,BEST46,40,3,14,0.0,14,14,"3, 4"
446603,ORANGE31,40,1,12,0.0,12,8,"1, 2, 3"
501213,SKYDOOR29,40,2,12,0.0,12,10,2
524342,DRIVE722,40,1,12,0.0,12,8,"1, 2"
446603,ORANGE31,40,2,10,0.0,10,10,"1, 2, 3"
508935,PURPLE1,39,1,39,0.23076923076923078,27,8,1
412128,SKYDOOR16,39,1,39,0.5897435897435898,10,8,1
469483,DRIVE398,39,1,38,0.3684210526315789,9,8,1
518743,DRIVE772,39,1,35,0.45714285714285713,10,8,1
524768,CCCOIN13,39,1,34,0.0,34,8,1
482802,PEACH9,39,2,34,0.17647058823529413,19,10,2
443254,SILVER9,39,1,34,0.4117647058823529,16,8,1
438844,BULL,39,1,32,0.5,8,8,1
515356,SKYDOOR52,39,4,25,0.0,25,20,4
508935,DRIVE795,39,2,20,0.3,12,10,2
416037,SKYDOOR28,39,2,19,0.05263157894736842,17,10,2
522205,DRIVE643,39,1,18,0.16666666666666666,8,8,1
426928,DRIVE538,39,1,16,0.1875,10,8,1
527026,SKYDOOR46,39,2,15,0.0,15,10,2
336708,DRIVE695,39,2,13,0.0,13,10,2
409986,SKYDOOR28,39,2,13,0.07692307692307693,11,10,2
520127,SKYDOOR29,39,1,13,0.15384615384615385,11,8,1
505672,BULL4,39,2,10,0.0,10,10,2
504610,DRIVE712,38,1,37,0.5135135135135135,11,8,1
473692,QUEEN10,38,1,36,0.4444444444444444,11,8,1
442746,QUEEN10,38,1,35,0.6,12,8,1
535959,SKYDOOR29,38,2,34,0.08823529411764706,21,10,2
403477,ORANGE31,38,1,34,0.4117647058823529,9,8,1
414708,DRIVE767,38,1,32,0.25,9,8,1
449501,SKYDOOR49,38,2,31,0.0,31,10,2
447427,SKYDOOR28,38,4,30,0.03333333333333333,26,20,4
424621,BULL3,38,4,28,0.03571428571428571,23,20,4
536639,CCCOIN13,38,1,27,0.5925925925925926,8,8,1
515356,SKYDOOR50,38,4,24,0.0,24,20,4
519574,DRIVE741,38,2,24,0.0,24,10,"1, 2"
513674,BULL4,38,4,22,0.0,22,20,4
523943,PEACH1,38,1,22,0.45454545454545453,9,8,1
413321,DRIVE751,38,1,21,0.23809523809523808,9,8,1
527805,CCCOIN13,38,2,18,0.2222222222222222,12,10,2
402338,SKYDOOR49,38,3,15,0.06666666666666667,14,14,3
522205,PEACH1,38,1,15,0.2,11,8,1
519574,DRIVE741,38,1,14,0.0,14,8,"1, 2"
532426,BATTLE3,38,2,14,0.07142857142857142,11,10,2
449455,DRIVE537,38,1,14,0.21428571428571427,10,8,1
501178,CCCOIN13,37,1,37,0.05405405405405406,32,8,1
451130,SKYDOOR16,37,1,37,0.5405405405405406,9,8,1
443035,DRIVE767,37,1,36,0.6111111111111112,10,8,1
515149,SKYDOOR19,37,2,32,0.21875,15,10,2
541909,BULL4,37,2,29,0.0,29,10,2
413321,PEACH9,37,2,29,0.1724137931034483,17,10,2
519574,DRIVE364,37,2,26,0.038461538461538464,24,10,2
498493,DRIVE763,37,2,24,0.08333333333333333,20,10,2
531396,PEACH7,37,1,24,0.20833333333333334,16,8,1
500398,DRIVE632,37,2,18,0.05555555555555555,10,10,2
506272,DRIVE635,37,2,17,0.11764705882352941,14,10,2
436608,DRIVE759,37,1,17,0.35294117647058826,8,8,1
520073,BULL4,37,3,15,0.0,15,14,3
527026,DRIVE772,37,2,13,0.0,13,10,2
409748,DRIVE538,37,2,11,0.0,11,10,"1, 2"
409748,DRIVE538,37,1,8,0.0,8,8,"1, 2"
411590,SKYDOOR18,36,2,36,0.0,36,10,2
442289,SKYDOOR18,36,2,36,0.5,13,10,2
475823,ATM50,36,1,36,0.5277777777777778,13,8,1
414388,DRIVE565,36,1,36,0.4444444444444444,8,8,1
500398,PURPLE1,36,1,35,0.17142857142857143,22,8,1
548112,SKYDOOR29,36,2,34,0.4411764705882353,10,10,2
504371,CCCOIN13,36,2,33,0.18181818181818182,10,10,2
481579,SKYDOOR28,36,2,32,0.5,10,10,2
405366,DRIVE538,36,2,29,0.06896551724137931,27,10,2
400885,DRIVE757,36,2,29,0.10344827586206896,26,10,2
536674,BULL4,36,3,23,0.0,23,14,3
424621,DRIVE629,36,1,23,0.4782608695652174,11,8,1
405366,SKYDOOR49,36,2,22,0.045454545454545456,20,10,2
511301,DRIVE632,36,1,22,0.36363636363636365,9,8,1
400885,ORANGE32,36,4,20,0.0,20,20,4
549898,SKYDOOR29,36,2,20,0.05,14,10,2
403477,BEST45,36,1,9,0.0,9,8,1
426674,PURPLE,35,1,35,0.0,35,8,1
440383,DRIVE769,35,2,35,0.0,35,10,2
507799,OAK1,35,1,35,0.0,35,8,1
417893,PURPLE,35,1,35,0.4857142857142857,9,8,1
481100,SILVER9,35,1,35,0.34285714285714286,9,8,1
339737,BULL2,35,1,32,0.65625,9,8,1
511847,BEST19,35,1,32,0.25,9,8,1
469039,ORANGE31,35,1,30,0.6666666666666666,8,8,1
524342,DRIVE788,35,1,27,0.0,27,8,1
423213,DRIVE767,35,2,24,0.0,24,10,"1, 2"
462151,BEST45,35,2,22,0.0,22,10,2
527026,BULL1,35,2,22,0.045454545454545456,11,10,"1, 2"
539800,DRIVE347,35,2,21,0.0,21,10,"1, 2"
403477,SKYDOOR28,35,2,17,0.0,17,10,2
337390,DRIVE650,35,1,17,0.29411764705882354,9,8,1
524342,DRIVE643,35,1,16,0.0,16,8,1
524342,BATTLE6,35,3,15,0.0,15,14,"1, 3"
519574,BATTLE3,35,1,14,0.0,14,8,1
539800,DRIVE347,35,1,14,0.0,14,8,"1, 2"
527026,BULL1,35,1,13,0.0,13,8,"1, 2"
423213,DRIVE767,35,1,11,0.18181818181818182,9,8,"1, 2"
542336,BULL4,35,2,10,0.0,10,10,2
524342,BATTLE6,35,1,8,0.0,8,8,"1, 3"
476960,BATTLE11,34,4,34,0.0,34,20,4
431396,ATM50,34,1,34,0.5882352941176471,13,8,1
400889,PURPLE,34,1,34,0.5588235294117647,9,8,1
538965,CCCOIN13,34,1,33,0.12121212121212122,29,8,1
400885,DRIVE769,34,2,32,0.15625,22,10,2
511327,SKYDOOR19,34,2,32,0.09375,11,10,2
523234,DRIVE205,34,3,29,0.0,29,14,3
416037,SKYDOOR18,34,2,28,0.14285714285714285,20,10,2
522205,DRIVE728,34,1,28,0.21428571428571427,9,8,1
405366,SKYDOOR51,34,2,26,0.0,26,10,2
530379,PURPLE3,34,1,26,0.5384615384615384,10,8,1
524010,SKYDOOR19,34,2,25,0.16,11,10,"1, 2"
500398,ORANGE22,34,2,21,0.047619047619047616,11,10,2
485330,SKYDOOR49,34,4,20,0.0,20,20,4
415332,DRIVE547,34,1,20,0.4,8,8,1
500799,CCCOIN13,34,2,19,0.2631578947368421,14,10,"1, 2"
403296,DRIVE779,34,2,18,0.2222222222222222,12,10,2
500799,CCCOIN13,34,1,15,0.13333333333333333,8,8,"1, 2"
524010,SKYDOOR19,34,1,9,0.0,9,8,"1, 2"
501178,BULL1,33,1,33,0.09090909090909091,24,8,1
339504,OIL4,33,1,33,0.6363636363636364,10,8,1
336705,OIL4,33,1,33,0.45454545454545453,8,8,1
506272,BEST46,33,2,32,0.0,32,10,2
494289,SKYDOOR18,33,2,32,0.21875,10,10,2
505936,DRIVE205,33,1,32,0.40625,10,8,1
423213,DRIVE757,33,2,27,0.1111111111111111,22,10,2
473692,BEST43,33,1,27,0.5185185185185185,9,8,1
425408,BULL3,33,4,25,0.04,21,20,4
531396,BULL4,33,2,21,0.0,21,10,2
446603,SKYDOOR45,33,4,20,0.0,20,20,4
428814,SILVER,33,1,20,0.25,13,8,1
475859,SKYDOOR49,33,2,20,0.3,10,10,2
527026,DRIVE347,33,1,20,0.05,10,8,1
430665,SKYDOOR18,33,2,19,0.3684210526315789,12,10,2
486198,DRIVE538,33,3,17,0.0,17,14,3
532537,BATTLE8,33,2,16,0.1875,11,10,"1, 2"
413321,BATTLE7,33,2,15,0.0,15,10,2
532537,BATTLE8,33,1,15,0.06666666666666667,14,8,"1, 2"
335072,SKYDOOR43,33,2,14,0.0,14,10,2
435870,DRIVE779,33,3,14,0.0,14,14,"2, 3"
515356,PEACH1,33,1,14,0.0,14,8,1
435870,DRIVE779,33,2,13,0.0,13,10,"2, 3"
429809,BEST45,33,1,13,0.07692307692307693,10,8,1
402338,SILVER,33,2,12,0.08333333333333333,11,10,2
409748,PEACH8,33,1,10,0.0,10,8,1
521456,BEST46,33,2,10,0.0,10,10,2
527026,FIRE5,32,2,32,0.0,32,10,2
535959,SKYDOOR19,32,2,32,0.125,15,10,2
500347,CCCOIN13,32,1,32,0.4375,11,8,1
434458,SKYDOOR16,32,1,32,0.34375,10,8,1
515357,SKYDOOR17,32,1,32,0.34375,8,8,1
511847,DRIVE712,32,1,31,0.0,31,8,1
473692,BULL,32,1,31,0.1935483870967742,19,8,1
433409,SKYDOOR18,32,2,31,0.0967741935483871,10,10,2
449501,SILVER9,32,1,29,0.5172413793103449,8,8,1
517848,DRIVE635,32,1,26,0.6538461538461539,8,8,1
479843,PEACH,32,1,25,0.4,9,8,1
412411,BEST45,32,4,24,0.041666666666666664,22,20,4
420757,BULL,32,1,24,0.375,8,8,1
446603,DRIVE629,32,1,23,0.08695652173913043,18,8,1
520958,SKYDOOR29,32,4,22,0.0,22,20,4
411438,SKYDOOR28,32,2,21,0.19047619047619047,10,10,2
531396,CCCOIN13,32,2,21,0.09523809523809523,10,10,2
502870,SKYDOOR29,32,4,20,0.0,20,20,4
480980,PEACH6,32,1,20,0.3,9,8,1
524342,DRIVE760,32,1,19,0.0,19,8,1
547861,BULL4,32,3,16,0.0,16,14,3
442732,PEACH8,32,1,16,0.375,8,8,1
519574,BATTLE6,32,1,15,0.0,15,8,"1, 2"
522833,BATTLE12,32,2,13,0.07692307692307693,10,10,2
451119,SKYDOOR51,32,2,11,0.0,11,10,2
519574,BATTLE6,32,2,11,0.0,11,10,"1, 2"
443047,DRIVE538,32,1,10,0.1,9,8,1
411800,DRIVE547,32,1,8,0.0,8,8,1
470011,SKYDOOR18,32,1,8,0.0,8,8,1
447217,BATTLE11,31,4,31,0.0,31,20,4
481100,DRIVE711,31,1,31,0.0,31,8,1
501178,PURPLE1,31,1,31,0.0,31,8,1
483302,PURPLE,31,1,31,0.2903225806451613,19,8,1
510731,BEST41,31,1,31,0.2903225806451613,8,8,1
403774,DRIVE398,31,1,30,0.4,9,8,1
536310,QUEEN6,31,1,29,0.2413793103448276,10,8,1
473693,DRIVE658,31,1,26,0.19230769230769232,11,8,1
400888,SILVER,31,1,26,0.2692307692307692,8,8,1
494628,SKYDOOR18,31,2,25,0.08,15,10,2
424040,BEST45,31,2,24,0.125,13,10,2
481166,DRIVE537,31,1,22,0.36363636363636365,10,8,1
539800,DRIVE739,31,1,20,0.15,16,8,"1, 2"
524010,CCCOIN13,31,1,17,0.0,17,8,1
446603,DRIVE709,31,1,17,0.17647058823529413,11,8,1
549752,BEST46,31,3,15,0.0,15,14,3
511847,DRIVE643,31,1,15,0.26666666666666666,9,8,1
527026,DRIVE721,31,2,13,0.0,13,10,2
539800,DRIVE739,31,2,11,0.0,11,10,"1, 2"
418930,SKYDOOR18,31,1,10,0.0,10,8,1
501407,BEST46,31,2,10,0.0,10,10,2
434458,DRIVE767,30,1,30,0.0,30,8,1
501178,BEST41,30,1,30,0.0,30,8,1
468829,QUEEN10,30,1,30,0.43333333333333335,11,8,1
402077,DRIVE711,30,1,30,0.16666666666666666,10,8,1
431396,BATTLE7,30,1,30,0.5,9,8,1
466178,DRIVE711,30,1,30,0.5666666666666667,8,8,1
505235,BEST46,30,2,29,0.0,29,10,2
423213,DRIVE755,30,2,28,0.03571428571428571,27,10,2
405366,DRIVE547,30,2,28,0.03571428571428571,21,10,2
549430,CCCOIN13,30,1,28,0.5,12,8,1
500398,QUEEN6,30,1,28,0.17857142857142858,9,8,1
519574,QUEEN6,30,1,26,0.0,26,8,1
403895,BULL3,30,4,22,0.0,22,20,4
407525,BULL3,30,4,20,0.0,20,20,4
414699,DRIVE538,30,3,19,0.0,19,14,3
447217,DRIVE753,30,2,18,0.0,18,10,2
332157,SKYDOOR43,30,2,18,0.16666666666666666,12,10,2
506272,CCCOIN13,30,1,17,0.11764705882352941,13,8,"1, 2"
409748,BATTLE2,30,3,14,0.0,14,14,3
506272,CCCOIN13,30,2,13,0.0,13,10,"1, 2"
539800,DRIVE721,30,2,13,0.0,13,10,"1, 2"
451326,BEST45,30,2,12,0.0,12,10,2
507794,DRIVE722,30,2,11,0.0,11,10,2
539800,DRIVE721,30,1,8,0.0,8,8,"1, 2"
501178,ORANGE14,29,1,29,0.0,29,8,1
524768,BEST41,29,1,29,0.0,29,8,1
451301,DRIVE787,29,1,27,0.3333333333333333,11,8,1
519574,BEST39,29,2,25,0.0,25,10,2
400012,SKYDOOR47,29,4,24,0.0,24,20,4
429534,ATM50,29,3,24,0.0,24,14,3
510705,DRIVE597,29,1,23,0.0,23,8,1
411438,BEST45,29,2,23,0.13043478260869565,17,10,2
429410,DRIVE779,29,1,23,0.2608695652173913,11,8,1
524342,BATTLE8,29,1,20,0.1,10,8,1
413321,DRIVE658,29,1,19,0.21052631578947367,12,8,1
477768,BEST45,29,2,19,0.2631578947368421,11,10,2
507794,BULL1,29,1,18,0.0,18,8,"1, 2"
524450,CCCOIN13,29,2,17,0.058823529411764705,13,10,2
437293,SKYDOOR28,29,2,17,0.11764705882352941,12,10,2
400560,BEST45,29,3,16,0.0,16,14,"2, 3"
506642,CCCOIN13,29,2,16,0.0,16,10,"1, 2"
519574,DRIVE795,29,2,16,0.0,16,10,"1, 2"
524768,DRIVE772,29,1,16,0.0,16,8,1
406085,DRIVE738,29,1,16,0.375,8,8,1
449501,DRIVE749,29,1,15,0.0,15,8,"1, 2"
449501,DRIVE749,29,2,14,0.0,14,10,"1, 2"
506642,CCCOIN13,29,1,13,0.0,13,8,"1, 2"
519574,DRIVE795,29,1,13,0.0,13,8,"1, 2"
400560,BEST45,29,2,11,0.0,11,10,"2, 3"
507794,BULL1,29,2,11,0.0,11,10,"1, 2"
535654,BULL4,29,2,10,0.0,10,10,2
501178,DRIVE364,28,1,28,0.0,28,8,1
524768,DRIVE712,28,1,28,0.0,28,8,1
534921,PURPLE1,28,1,28,0.21428571428571427,22,8,1
524342,DRIVE712,28,1,28,0.14285714285714285,11,8,1
429465,DRIVE749,28,1,27,0.4074074074074074,10,8,1
451301,PEACH9,28,1,27,0.2222222222222222,10,8,1
449501,DRIVE565,28,1,26,0.038461538461538464,22,8,1
403756,SILVER5,28,1,26,0.38461538461538464,8,8,1
490060,BULL,28,1,26,0.46153846153846156,8,8,1
536310,QUEEN9,28,1,24,0.125,18,8,1
469067,SKYDOOR28,28,4,20,0.0,20,20,4
518221,SKYDOOR29,28,4,20,0.0,20,20,4
542335,DRIVE635,28,1,20,0.15,13,8,1
500398,DRIVE721,28,2,16,0.0625,15,10,2
443041,DRIVE537,28,1,16,0.3125,9,8,1
500398,DRIVE722,28,2,11,0.0,11,10,2
501178,DRIVE205,27,1,27,0.0,27,8,1
451301,BEST48,27,1,27,0.07407407407407407,20,8,1
501178,DRIVE347,27,1,27,0.2222222222222222,19,8,1
401161,SILVER9,27,1,27,0.5185185185185185,10,8,1
446530,PURPLE,27,1,26,0.5384615384615384,11,8,1
506272,BULL4,27,2,25,0.08,22,10,2
486198,DRIVE755,27,2,25,0.16,19,10,2
417893,PEACH9,27,1,25,0.32,16,8,1
482802,DRIVE711,27,1,25,0.52,8,8,1
431396,DRIVE779,27,1,24,0.08333333333333333,21,8,1
485963,PEACH,27,3,24,0.08333333333333333,21,14,3
429534,DRIVE585,27,1,24,0.125,14,8,1
486198,DRIVE757,27,2,22,0.09090909090909091,19,10,2
543463,DRIVE632,27,1,22,0.4090909090909091,8,8,1
400885,BATTLE,27,1,20,0.0,20,8,1
494129,BATTLE7,27,3,20,0.0,20,14,3
402311,BEST45,27,2,19,0.0,19,10,2
522205,DRIVE741,27,1,18,0.1111111111111111,13,8,1
499109,BEST45,27,2,18,0.16666666666666666,11,10,2
539800,DRIVE728,27,1,17,0.11764705882352941,11,8,"1, 2"
403774,BATTLE7,27,1,15,0.13333333333333333,9,8,1
402338,SKYDOOR18,27,1,14,0.0,14,8,1
403756,DRIVE537,27,1,11,0.0,11,8,1
451119,DRIVE538,27,1,11,0.0,11,8,1
414699,BATTLE7,27,2,10,0.0,10,10,2
505936,DRIVE632,27,1,10,0.0,10,8,1
539800,DRIVE728,27,2,10,0.0,10,10,"1, 2"
418992,BATTLE7,27,1,9,0.1111111111111111,8,8,1
331618,DRIVE490,26,1,26,0.19230769230769232,20,8,1
501373,FIRE5,26,2,26,0.038461538461538464,19,10,2
514032,OAK1,26,1,26,0.38461538461538464,16,8,1
505563,DRIVE772,26,1,25,0.2,10,8,1
451301,SILVER9,26,1,23,0.30434782608695654,11,8,1
501373,QUEEN9,26,1,23,0.17391304347826086,10,8,1
491278,ORANGE31,26,1,23,0.6086956521739131,8,8,1
420768,SILVER,26,1,22,0.18181818181818182,12,8,1
498493,DRIVE765,26,2,21,0.23809523809523808,14,10,2
446603,BEST48,26,1,20,0.3,10,8,1
524342,DRIVE739,26,1,18,0.05555555555555555,13,8,1
527026,DRIVE632,26,2,18,0.05555555555555555,11,10,2
519574,DRIVE750,26,2,17,0.0,17,10,"1, 2"
446603,BATTLE5,26,3,16,0.0,16,14,3
476506,DRIVE779,26,1,13,0.3076923076923077,8,8,1
433067,PEACH,26,2,10,0.0,10,10,2
516443,BEST46,26,2,10,0.0,10,10,2
519574,DRIVE750,26,1,9,0.0,9,8,"1, 2"
429534,PURPLE2,25,1,25,0.0,25,8,1
475800,DRIVE711,25,1,25,0.0,25,8,1
461598,SKYDOOR18,25,2,25,0.28,11,10,2
449857,SKYDOOR16,25,1,25,0.24,9,8,1
523234,DRIVE643,25,3,24,0.0,24,14,3
547561,SKYDOOR19,25,2,24,0.08333333333333333,20,10,2
403335,PEACH6,25,1,23,0.0,23,8,1
449501,SKYDOOR51,25,2,23,0.0,23,10,2
486198,BATTLE11,25,4,23,0.0,23,20,4
423213,DRIVE769,25,2,22,0.045454545454545456,17,10,2
448251,SKYDOOR18,25,2,21,0.047619047619047616,18,10,2
501034,SKYDOOR29,25,3,21,0.19047619047619047,15,14,3
412767,DRIVE629,25,1,21,0.2857142857142857,11,8,1
505235,SKYDOOR29,25,2,19,0.0,19,10,2
514360,BULL4,25,2,19,0.0,19,10,2
547371,SKYDOOR29,25,3,19,0.0,19,14,3
412767,DRIVE763,25,1,19,0.3157894736842105,8,8,1
449857,DRIVE771,25,1,19,0.2631578947368421,8,8,1
444786,QUEEN10,25,1,18,0.2777777777777778,8,8,1
460712,SKYDOOR28,25,1,18,0.16666666666666666,8,8,1
538036,BULL4,25,2,15,0.0,15,10,2
468827,BEST45,25,2,15,0.06666666666666667,11,10,2
423213,ORANGE32,25,1,14,0.07142857142857142,13,8,1
539800,DRIVE364,25,1,13,0.0,13,8,"1, 2"
515149,BULL4,25,2,12,0.0,12,10,2
539800,DRIVE364,25,2,12,0.0,12,10,"1, 2"
539800,DRIVE710,25,1,12,0.0,12,8,1
424830,SKYDOOR28,25,2,11,0.0,11,10,2
449857,DRIVE779,25,2,11,0.0,11,10,2
532490,BEST46,25,2,11,0.0,11,10,2
523242,DRIVE364,25,1,10,0.0,10,8,1
542309,SKYDOOR29,25,2,10,0.0,10,10,2
515356,PEACH7,25,1,9,0.0,9,8,1
429534,OAK,24,1,24,0.0,24,8,1
505670,OAK1,24,1,24,0.0,24,8,1
527987,PURPLE1,24,1,24,0.041666666666666664,22,8,1
331208,OIL4,24,1,24,0.2916666666666667,12,8,1
481100,PEACH8,24,1,24,0.3333333333333333,10,8,1
505563,CCCOIN13,24,1,24,0.25,10,8,1
426928,SKYDOOR16,24,1,24,0.16666666666666666,9,8,1
536310,SKYDOOR17,24,1,24,0.125,9,8,1
403756,DRIVE787,24,1,24,0.3333333333333333,8,8,1
501178,DRIVE772,24,1,23,0.2608695652173913,17,8,1
500398,QUEEN9,24,1,23,0.043478260869565216,12,8,1
469483,SILVER,24,1,22,0.0,22,8,1
523234,BEST19,24,3,22,0.0,22,14,3
421773,DRIVE763,24,2,22,0.09090909090909091,18,10,2
500398,BEST19,24,1,22,0.18181818181818182,13,8,1
514032,DRIVE364,24,1,21,0.3333333333333333,11,8,1
494349,SKYDOOR28,24,2,20,0.35,10,10,2
524342,BATTLE1,24,1,20,0.15,9,8,1
519574,QUEEN9,24,1,18,0.0,18,8,1
527026,PEACH7,24,2,18,0.0,18,10,2
431396,SKYDOOR18,24,1,17,0.23529411764705882,10,8,1
522098,SKYDOOR29,24,2,16,0.1875,11,10,2
446532,BULL,24,1,16,0.25,9,8,1
524342,SILVER1,24,1,15,0.06666666666666667,14,8,1
519574,BATTLE8,24,1,13,0.0,13,8,1
446603,DRIVE761,24,2,12,0.0,12,10,2
539800,DRIVE795,24,1,12,0.0,12,8,"1, 2"
539800,DRIVE795,24,2,12,0.0,12,10,"1, 2"
433067,DRIVE547,24,2,11,0.09090909090909091,10,10,2
405721,DRIVE537,24,1,9,0.0,9,8,1
445775,SKYDOOR28,23,4,23,0.0,23,20,4
475800,BULL,23,1,23,0.08695652173913043,18,8,1
505563,DRIVE712,23,1,23,0.043478260869565216,13,8,1
493111,SKYDOOR16,23,1,23,0.43478260869565216,11,8,1
486497,SKYDOOR18,23,2,23,0.13043478260869565,10,10,2
511847,SKYDOOR17,23,1,23,0.391304347826087,9,8,1
403985,SKYDOOR18,23,2,22,0.2727272727272727,10,10,2
523242,QUEEN9,23,1,22,0.22727272727272727,10,8,1
331215,BEST37,23,1,22,0.5,8,8,1
400885,DRIVE767,23,2,21,0.0,21,10,2
402454,SKYDOOR18,23,2,21,0.19047619047619047,12,10,2
473692,DRIVE585,23,1,21,0.47619047619047616,10,8,1
476960,DRIVE796,23,1,20,0.25,8,8,1
502327,DRIVE772,23,3,18,0.1111111111111111,15,14,3
539800,DRIVE750,23,1,18,0.1111111111111111,8,8,1
449501,DRIVE727,23,1,17,0.0,17,8,1
480199,DRIVE547,23,2,17,0.058823529411764705,16,10,2
514300,BULL4,23,2,15,0.0,15,10,2
332564,SKYDOOR43,23,2,15,0.13333333333333333,10,10,2
414388,DRIVE771,23,3,14,0.0,14,14,3
517054,BEST46,23,1,14,0.14285714285714285,10,8,1
449501,PEACH6,23,2,13,0.0,13,10,2
424632,BULL3,23,2,12,0.0,12,10,2
523242,DRIVE752,23,1,12,0.3333333333333333,8,8,1
438844,SILVER9,23,2,11,0.0,11,10,2
518037,DRIVE712,22,1,22,0.0,22,8,1
504610,SKYDOOR17,22,1,22,0.045454545454545456,18,8,1
505563,DRIVE205,22,1,22,0.13636363636363635,12,8,1
430736,DRIVE771,22,1,22,0.3181818181818182,11,8,1
473692,OAK,22,1,22,0.4090909090909091,11,8,1
549430,BEST19,22,1,22,0.5,11,8,1
430195,DRIVE547,22,1,22,0.13636363636363635,9,8,1
501178,SILVER1,22,1,22,0.13636363636363635,9,8,1
530307,SKYDOOR29,22,2,21,0.09523809523809523,11,10,2
331460,SKYDOOR43,22,1,21,0.5238095238095238,10,8,1
401150,BEST45,22,2,19,0.0,19,10,2
423213,BATTLE,22,1,19,0.0,19,8,1
536674,DRIVE772,22,3,19,0.0,19,14,3
531396,DRIVE712,22,1,19,0.21052631578947367,12,8,1
469483,SKYDOOR28,22,1,17,0.0,17,8,1
524342,DRIVE795,22,2,15,0.0,15,10,2
406085,DRIVE794,22,2,15,0.06666666666666667,10,10,2
400888,DRIVE537,22,1,15,0.06666666666666667,8,8,1
508149,PEACH7,22,1,15,0.26666666666666666,8,8,1
447217,DRIVE547,22,3,14,0.0,14,14,3
522205,DRIVE347,22,1,14,0.0,14,8,1
519574,DRIVE739,22,2,12,0.0,12,10,"1, 2"
403296,BEST45,22,2,11,0.0,11,10,2
414388,DRIVE751,22,1,11,0.09090909090909091,9,8,1
531452,DRIVE632,22,1,11,0.2727272727272727,8,8,1
409748,BATTLE7,22,2,10,0.0,10,10,2
500398,PURPLE3,22,1,10,0.0,10,8,1
519574,DRIVE739,22,1,10,0.0,10,8,"1, 2"
549454,DRIVE772,22,1,9,0.0,9,8,1
448765,BULL3,22,1,8,0.0,8,8,1
524342,DRIVE752,22,1,8,0.0,8,8,1
446603,BATTLE11,21,4,21,0.0,21,20,4
503701,BULL4,21,2,21,0.0,21,10,2
518743,BEST41,21,1,21,0.0,21,8,1
524342,SKYDOOR17,21,1,21,0.0,21,8,1
463836,SKYDOOR18,21,2,21,0.047619047619047616,13,10,2
434458,BEST48,21,1,21,0.14285714285714285,12,8,1
431396,BEST40,21,1,21,0.42857142857142855,9,8,1
475045,PEACH9,21,1,21,0.42857142857142855,9,8,1
539423,PURPLE1,21,1,21,0.2857142857142857,9,8,1
549328,SKYDOOR17,21,1,21,0.47619047619047616,8,8,1
504610,SKYDOOR19,21,2,20,0.05,17,10,2
539800,DRIVE792,21,1,20,0.1,16,8,1
449617,BEST45,21,2,20,0.25,10,10,2
522205,DRIVE355,21,1,20,0.1,10,8,1
485963,SKYDOOR28,21,3,18,0.0,18,14,3
412128,DRIVE771,21,1,18,0.3333333333333333,9,8,1
442722,PEACH9,21,1,17,0.17647058823529413,10,8,1
438847,DRIVE794,21,1,16,0.375,8,8,1
504224,DRIVE347,21,1,14,0.42857142857142855,8,8,1
522833,BATTLE8,21,2,13,0.0,13,10,"1, 2"
519574,DRIVE758,21,1,12,0.0,12,8,1
426928,BATTLE7,21,1,12,0.16666666666666666,8,8,1
451119,DRIVE771,21,1,9,0.0,9,8,1
333708,ATM35,21,1,9,0.1111111111111111,8,8,1
522833,BATTLE8,21,1,8,0.0,8,8,"1, 2"
421773,DRIVE787,20,4,20,0.0,20,20,4
501373,PURPLE1,20,1,20,0.1,18,8,1
402077,DRIVE398,20,1,20,0.1,10,8,1
451301,ATM50,20,1,20,0.45,10,8,1
451301,DRIVE565,20,1,20,0.15,10,8,1
490804,DRIVE771,20,1,20,0.3,10,8,1
522563,PEACH1,20,1,20,0.2,9,8,1
500271,BEST41,20,1,20,0.35,8,8,1
403335,PEACH8,20,1,19,0.0,19,8,1
469483,PEACH6,20,1,19,0.0,19,8,1
476960,DRIVE711,20,1,19,0.05263157894736842,18,8,1
539800,DRIVE786,20,1,19,0.10526315789473684,12,8,1
524342,ORANGE14,20,1,19,0.05263157894736842,11,8,1
402337,DRIVE796,20,1,18,0.3333333333333333,8,8,1
510518,DRIVE364,20,1,18,0.3888888888888889,8,8,1
451301,BATTLE7,20,1,17,0.058823529411764705,15,8,1
460809,SKYDOOR28,20,2,16,0.125,12,10,2
446530,BULL,20,1,16,0.3125,9,8,1
539800,DRIVE758,20,1,16,0.125,9,8,1
539800,DRIVE785,20,1,15,0.0,15,8,1
539800,DRIVE760,20,1,15,0.06666666666666667,12,8,1
531396,SILVER10,20,1,15,0.26666666666666666,9,8,1
411590,DRIVE537,20,2,14,0.0,14,10,2
435986,SKYDOOR51,20,2,14,0.14285714285714285,12,10,2
531396,DRIVE364,20,2,14,0.14285714285714285,10,10,2
523242,BATTLE1,20,1,14,0.35714285714285715,8,8,1
506687,SKYDOOR19,20,2,13,0.0,13,10,2
536310,DRIVE643,20,2,13,0.0,13,10,2
411590,DRIVE547,20,2,12,0.0,12,10,2
531396,DRIVE741,20,1,12,0.08333333333333333,9,8,1
527026,DRIVE741,20,1,12,0.08333333333333333,8,8,1
447423,SKYDOOR28,20,2,11,0.0,11,10,2
476960,ORANGE31,20,2,11,0.0,11,10,2
506642,PEACH7,20,1,11,0.0,11,8,1
534341,DRIVE772,20,2,11,0.0,11,10,2
336697,DRIVE650,20,1,11,0.18181818181818182,9,8,1
520805,BULL4,20,2,10,0.0,10,10,2
534311,BATTLE8,20,2,10,0.0,10,10,2
413691,BEST45,20,1,10,0.1,8,8,1
518841,SKYDOOR29,20,1,9,0.0,9,8,1
535204,BEST46,20,1,8,0.0,8,8,1
301078,BATTLE4,19,1,19,0.0,19,8,1
339125,BEST37,19,2,19,0.0,19,10,2
402008,SKYDOOR18,19,2,19,0.0,19,10,2
500347,DRIVE788,19,1,19,0.10526315789473684,13,8,1
522400,SKYDOOR19,19,2,19,0.21052631578947367,12,10,2
412748,BULL3,19,2,19,0.05263157894736842,11,10,2
531396,BEST41,19,1,19,0.15789473684210525,11,8,1
430736,PEACH8,19,1,19,0.3157894736842105,8,8,1
434247,OAK,19,1,19,0.3157894736842105,8,8,1
443047,DRIVE658,19,1,19,0.3684210526315789,8,8,1
523242,DRIVE712,19,1,18,0.0,18,8,1
460712,DRIVE537,19,1,18,0.2222222222222222,14,8,1
532426,DRIVE752,19,2,18,0.16666666666666666,12,10,2
434759,DRIVE767,19,2,18,0.05555555555555555,11,10,2
406085,DRIVE711,19,1,18,0.16666666666666666,10,8,1
425899,SKYDOOR18,19,2,17,0.23529411764705882,10,10,2
523234,QUEEN6,19,3,16,0.0,16,14,3
498493,DRIVE769,19,2,16,0.125,14,10,2
526007,DRIVE364,19,1,16,0.25,9,8,1
403960,SKYDOOR28,19,3,15,0.0,15,14,3
482811,DRIVE658,19,1,13,0.15384615384615385,8,8,1
482811,DRIVE763,19,2,12,0.0,12,10,2
536310,DRIVE722,19,2,12,0.0,12,10,2
524342,DRIVE657,19,2,11,0.0,11,10,"1, 2"
402077,PEACH,19,1,11,0.09090909090909091,8,8,1
549898,BULL4,19,2,10,0.0,10,10,2
524768,DRIVE597,19,1,9,0.0,9,8,1
524342,DRIVE657,19,1,8,0.0,8,8,"1, 2"
532412,ORANGE33,19,1,8,0.0,8,8,1
549324,SKYDOOR29,19,1,8,0.0,8,8,1
503701,SKYDOOR19,18,2,18,0.0,18,10,2
523234,BEST46,18,3,18,0.0,18,14,3
506100,SKYDOOR29,18,2,18,0.05555555555555555,17,10,2
520948,DRIVE739,18,1,18,0.2222222222222222,14,8,1
539800,DRIVE799,18,1,18,0.05555555555555555,14,8,1
501178,DRIVE597,18,1,18,0.16666666666666666,12,8,1
416036,SKYDOOR16,18,1,18,0.3333333333333333,8,8,1
490070,DRIVE787,18,1,18,0.5,8,8,1
541251,DRIVE205,18,1,18,0.2777777777777778,8,8,1
411800,SKYDOOR18,18,2,16,0.0,16,10,2
447217,DRIVE765,18,2,16,0.0625,15,10,2
414388,DRIVE794,18,2,16,0.0625,10,10,2
524010,QUEEN6,18,1,16,0.375,9,8,1
508935,FIRE5,18,2,15,0.2,11,10,2
510705,PEACH7,18,1,14,0.0,14,8,1
415332,BATTLE2,18,1,14,0.07142857142857142,11,8,1
335072,BULL2,18,2,12,0.0,12,10,2
549421,DRIVE597,18,2,12,0.0,12,10,2
515356,CCCOIN13,18,2,11,0.0,11,10,2
531396,DRIVE722,18,1,11,0.0,11,8,1
410480,BEST45,18,2,10,0.0,10,10,2
519574,BATTLE1,18,1,10,0.0,10,8,1
460712,BEST45,18,1,9,0.0,9,8,1
451119,ORANGE31,18,1,8,0.0,8,8,1
506642,DRIVE597,18,1,8,0.0,8,8,1
516406,CCCOIN13,18,1,8,0.0,8,8,1
510244,CCCOIN13,17,1,17,0.0,17,8,1
523234,PEACH7,17,3,17,0.0,17,14,3
486198,DRIVE765,17,2,17,0.058823529411764705,16,10,2
331212,WINE,17,1,17,0.23529411764705882,13,8,1
510518,PURPLE1,17,1,17,0.058823529411764705,13,8,1
534311,FIRE5,17,2,17,0.058823529411764705,13,10,2
413564,DRIVE779,17,1,17,0.17647058823529413,10,8,1
444786,DRIVE585,17,1,17,0.23529411764705882,10,8,1
469483,BEST35,17,1,17,0.23529411764705882,10,8,1
480626,BULL,17,1,17,0.058823529411764705,10,8,1
461036,QUEEN5,17,1,17,0.35294117647058826,9,8,1
500347,QUEEN6,17,1,17,0.23529411764705882,9,8,1
505563,BEST19,17,1,17,0.29411764705882354,8,8,1
526913,DRIVE364,17,1,17,0.47058823529411764,8,8,1
539800,BATTLE3,17,1,16,0.1875,11,8,1
514032,DRIVE721,17,1,16,0.4375,8,8,1
519574,DRIVE764,17,2,15,0.0,15,10,2
478190,DRIVE796,17,1,15,0.2,9,8,1
335072,BEST37,17,2,14,0.0,14,10,2
405366,ORANGE31,17,2,14,0.0,14,10,2
519574,DRIVE355,17,1,14,0.0,14,8,1
438816,DRIVE537,17,1,13,0.0,13,8,1
409748,DRIVE709,17,2,12,0.0,12,10,2
501373,PEACH1,17,2,12,0.0,12,10,2
446603,DRIVE757,17,2,12,0.08333333333333333,10,10,2
411590,DRIVE538,17,2,11,0.0,11,10,2
519574,DRIVE792,17,1,11,0.0,11,8,1
519721,BEST46,17,2,11,0.0,11,10,2
519574,DRIVE760,17,2,10,0.0,10,10,2
414388,DRIVE709,17,1,10,0.1,9,8,1
435879,BEST45,17,1,10,0.1,9,8,1
400888,DRIVE547,17,1,8,0.0,8,8,1
338917,ATM35,16,1,16,0.0,16,8,1
500271,PURPLE1,16,1,16,0.0,16,8,1
516219,DRIVE741,16,1,16,0.1875,13,8,1
339201,OIL4,16,1,16,0.125,12,8,1
511301,PURPLE1,16,1,16,0.125,12,8,1
493442,SKYDOOR18,16,2,16,0.0625,11,10,2
412128,DRIVE658,16,1,16,0.1875,10,8,1
414397,SKYDOOR16,16,1,16,0.25,9,8,1
403700,PEACH8,16,1,16,0.4375,8,8,1
413321,DRIVE585,16,1,16,0.125,8,8,1
493111,DRIVE709,16,1,16,0.375,8,8,1
447217,DRIVE767,16,2,15,0.0,15,10,2
498493,DRIVE767,16,2,15,0.0,15,10,2
532533,SKYDOOR19,16,2,15,0.06666666666666667,13,10,2
466350,SKYDOOR18,16,2,15,0.06666666666666667,11,10,2
510731,DRIVE455,16,1,15,0.2,9,8,1
522205,DRIVE788,16,1,14,0.0,14,8,1
523234,SKYDOOR29,16,3,14,0.0,14,14,3
403335,DRIVE565,16,1,14,0.21428571428571427,10,8,1
501373,DRIVE772,16,2,13,0.0,13,10,2
524768,ORANGE22,16,1,12,0.0,12,8,1
447217,BATTLE,16,2,11,0.0,11,10,2
519574,SILVER10,16,1,11,0.0,11,8,1
403520,SKYDOOR18,16,2,10,0.0,10,10,2
414388,DRIVE725,16,1,9,0.0,9,8,1
451326,DRIVE779,16,1,9,0.1111111111111111,8,8,1
429465,SKYDOOR18,16,1,8,0.0,8,8,1
403756,SKYDOOR16,15,1,15,0.0,15,8,1
449501,QUEEN8,15,1,15,0.0,15,8,1
501178,QUEEN6,15,1,15,0.0,15,8,1
539800,OAK1,15,1,15,0.0,15,8,1
463900,SKYDOOR28,15,3,15,0.06666666666666667,14,14,3
511870,PURPLE1,15,1,15,0.06666666666666667,14,8,1
513442,DRIVE635,15,1,15,0.06666666666666667,14,8,1
434565,SKYDOOR18,15,2,15,0.13333333333333333,12,10,2
403477,ATM50,15,1,15,0.13333333333333333,10,8,1
339144,SILVER8,15,1,15,0.3333333333333333,9,8,1
500347,DRIVE597,15,1,15,0.06666666666666667,9,8,1
500347,DRIVE712,15,1,15,0.06666666666666667,9,8,1
522205,QUEEN6,15,1,15,0.06666666666666667,9,8,1
543306,SILVER1,15,1,15,0.13333333333333333,9,8,1
338911,BULL2,15,1,15,0.3333333333333333,8,8,1
414211,PEACH6,15,1,15,0.2,8,8,1
461036,BULL,15,1,15,0.3333333333333333,8,8,1
513442,DRIVE643,15,1,15,0.13333333333333333,8,8,1
447217,DRIVE755,15,2,14,0.0,14,10,2
447217,DRIVE757,15,2,14,0.0,14,10,2
514032,DRIVE741,15,1,14,0.14285714285714285,12,8,1
542335,DRIVE741,15,1,14,0.07142857142857142,11,8,1
438844,PURPLE,15,1,14,0.2857142857142857,9,8,1
483304,PURPLE,15,1,14,0.2857142857142857,8,8,1
438816,DRIVE727,15,1,13,0.0,13,8,1
508149,SKYDOOR19,15,2,13,0.07692307692307693,12,10,2
414714,SILVER,15,1,13,0.23076923076923078,9,8,1
420768,DRIVE629,15,1,13,0.3076923076923077,8,8,1
451130,DRIVE629,15,1,13,0.23076923076923078,8,8,1
401150,SKYDOOR28,15,2,12,0.0,12,10,2
449501,DRIVE759,15,2,12,0.08333333333333333,11,10,2
413321,DRIVE711,15,1,12,0.08333333333333333,8,8,1
501373,DRIVE632,15,2,11,0.0,11,10,2
519574,DRIVE785,15,2,11,0.0,11,10,2
493099,PEACH9,15,1,11,0.09090909090909091,10,8,1
505233,SKYDOOR19,15,2,11,0.09090909090909091,10,10,2
403756,PEACH9,15,2,10,0.0,10,10,2
519574,DRIVE770,15,1,9,0.0,9,8,1
539800,PURPLE3,15,1,8,0.0,8,8,1
466296,SKYDOOR18,14,2,14,0.0,14,10,2
542480,PURPLE1,14,1,14,0.0,14,8,1
543738,PURPLE1,14,1,14,0.07142857142857142,13,8,1
338911,SILVER3,14,1,14,0.14285714285714285,12,8,1
416472,SILVER9,14,1,14,0.14285714285714285,12,8,1
517517,PURPLE1,14,1,14,0.14285714285714285,12,8,1
442289,SKYDOOR28,14,2,14,0.07142857142857142,10,10,2
412128,DRIVE793,14,1,14,0.42857142857142855,8,8,1
421773,DRIVE755,14,2,13,0.0,13,10,2
421773,DRIVE757,14,2,13,0.0,13,10,2
421773,DRIVE767,14,2,13,0.0,13,10,2
429113,SKYDOOR28,14,2,13,0.0,13,10,2
449501,DRIVE771,14,2,13,0.0,13,10,2
421773,DRIVE765,14,2,13,0.07692307692307693,12,10,2
446603,PEACH9,14,2,12,0.0,12,10,2
519574,ORANGE33,14,1,12,0.0,12,8,1
539651,BULL4,14,2,12,0.0,12,10,2
336705,BULL2,14,1,11,0.0,11,8,1
403335,DRIVE784,14,1,11,0.0,11,8,1
481579,BEST45,14,2,11,0.0,11,10,2
515356,DRIVE635,14,2,11,0.0,11,10,2
527026,DRIVE795,14,2,11,0.0,11,10,2
531396,SKYDOOR46,14,2,11,0.0,11,10,2
421773,DRIVE759,14,2,11,0.09090909090909091,10,10,2
435531,DRIVE629,14,1,11,0.09090909090909091,10,8,1
331587,DRIVE490,14,2,10,0.0,10,10,2
412767,BEST48,14,1,10,0.0,10,8,1
510731,DRIVE347,14,1,10,0.0,10,8,1
504224,SILVER1,14,1,9,0.1111111111111111,8,8,1
449501,DRIVE784,14,1,8,0.0,8,8,1
475800,SKYDOOR28,14,1,8,0.0,8,8,1
402338,BEST35,13,2,13,0.0,13,10,2
403335,QUEEN8,13,1,13,0.0,13,8,1
471894,ORANGE31,13,1,13,0.0,13,8,1
500799,PURPLE1,13,1,13,0.0,13,8,1
504216,PURPLE1,13,1,13,0.0,13,8,1
519574,OAK1,13,1,13,0.0,13,8,1
524768,DRIVE205,13,1,13,0.0,13,8,1
403481,DRIVE749,13,1,13,0.07692307692307693,11,8,1
412128,SILVER5,13,1,13,0.23076923076923078,10,8,1
453770,SKYDOOR18,13,2,13,0.15384615384615385,10,10,2
532537,SILVER1,13,2,13,0.07692307692307693,10,10,2
533149,SKYDOOR17,13,1,13,0.15384615384615385,10,8,1
549430,DRIVE347,13,1,13,0.15384615384615385,10,8,1
332720,BEST37,13,1,13,0.3076923076923077,9,8,1
338911,DRIVE695,13,1,13,0.3076923076923077,9,8,1
339144,WINE,13,1,13,0.23076923076923078,9,8,1
531396,SKYDOOR17,13,1,13,0.23076923076923078,9,8,1
433409,DRIVE711,13,1,13,0.15384615384615385,8,8,1
531452,BEST41,13,1,13,0.3076923076923077,8,8,1
413321,DRIVE749,13,2,11,0.0,11,10,2
535959,BULL4,13,2,11,0.0,11,10,2
548335,DRIVE347,13,2,11,0.0,11,10,2
531396,QUEEN11,13,1,11,0.09090909090909091,10,8,1
337390,BULL2,13,1,11,0.09090909090909091,8,8,1
505936,DRIVE355,13,1,11,0.18181818181818182,8,8,1
451119,DRIVE658,13,1,10,0.0,10,8,1
501373,PEACH7,13,2,10,0.0,10,10,2
518841,SKYDOOR19,13,1,10,0.0,10,8,1
519409,SKYDOOR29,13,2,10,0.0,10,10,2
463143,BATTLE,13,1,10,0.1,9,8,1
417893,DRIVE727,13,1,9,0.0,9,8,1
451119,DRIVE727,13,1,9,0.0,9,8,1
416452,SKYDOOR28,13,1,8,0.0,8,8,1
507142,DRIVE772,13,1,8,0.0,8,8,1
430195,SKYDOOR18,12,1,12,0.0,12,8,1
501326,CCCOIN13,12,2,12,0.0,12,10,2
508719,OAK1,12,1,12,0.0,12,8,1
529107,PURPLE1,12,1,12,0.0,12,8,1
548335,SKYDOOR19,12,2,12,0.0,12,10,2
438847,BEST43,12,1,12,0.08333333333333333,10,8,1
509900,DRIVE347,12,1,12,0.08333333333333333,10,8,1
339737,ATM47,12,1,12,0.08333333333333333,9,8,1
509645,BATTLE6,12,1,12,0.25,9,8,1
534297,BEST41,12,1,12,0.16666666666666666,9,8,1
430736,DRIVE538,12,1,12,0.25,8,8,1
505672,PURPLE1,12,1,12,0.3333333333333333,8,8,1
516219,BEST41,12,1,12,0.3333333333333333,8,8,1
536639,DRIVE205,12,1,12,0.3333333333333333,8,8,1
476960,PEACH9,12,2,11,0.0,11,10,2
523242,DRIVE710,12,2,11,0.0,11,10,2
413564,DRIVE749,12,1,11,0.18181818181818182,8,8,1
400888,SKYDOOR18,12,2,10,0.0,10,10,2
426488,SKYDOOR18,12,2,10,0.0,10,10,2
504366,BEST46,12,2,10,0.0,10,10,2
514360,SKYDOOR19,12,2,10,0.0,10,10,2
519574,SILVER6,12,1,10,0.0,10,8,1
531396,SKYDOOR50,12,2,10,0.0,10,10,2
539800,DRIVE788,12,1,10,0.0,10,8,1
417893,BATTLE7,12,1,9,0.0,9,8,1
514357,ORANGE22,12,1,9,0.0,9,8,1
434458,BATTLE7,12,1,9,0.1111111111111111,8,8,1
330935,DRIVE650,12,1,8,0.0,8,8,1
409748,ORANGE32,12,1,8,0.0,8,8,1
505672,DRIVE772,12,1,8,0.0,8,8,1
522205,DRIVE710,12,1,8,0.0,8,8,1
332720,SILVER3,11,1,11,0.0,11,8,1
339630,BEST44,11,1,11,0.0,11,8,1
413564,DRIVE537,11,1,11,0.0,11,8,1
418930,SKYDOOR16,11,1,11,0.0,11,8,1
464435,BULL,11,1,11,0.0,11,8,1
469483,DRIVE454,11,1,11,0.0,11,8,1
471894,DRIVE771,11,1,11,0.0,11,8,1
478965,SKYDOOR18,11,2,11,0.0,11,10,2
480626,DRIVE761,11,1,11,0.0,11,8,1
481764,BEST45,11,2,11,0.0,11,10,2
485330,SKYDOOR18,11,2,11,0.0,11,10,2
500337,PEACH10,11,1,11,0.0,11,8,1
500799,BEST41,11,1,11,0.0,11,8,1
501178,DRIVE355,11,1,11,0.0,11,8,1
501178,PURPLE3,11,1,11,0.0,11,8,1
508149,DRIVE712,11,1,11,0.0,11,8,1
508719,DRIVE766,11,2,11,0.0,11,10,2
519409,SKYDOOR19,11,2,11,0.0,11,10,2
523242,DRIVE347,11,2,11,0.0,11,10,2
541831,PURPLE1,11,1,11,0.0,11,8,1
433737,SKYDOOR16,11,1,11,0.09090909090909091,10,8,1
475800,DRIVE757,11,1,11,0.09090909090909091,10,8,1
463229,DRIVE658,11,1,11,0.18181818181818182,9,8,1
469039,DRIVE658,11,1,11,0.18181818181818182,9,8,1
479134,SILVER,11,1,11,0.09090909090909091,9,8,1
444759,SKYDOOR16,11,1,11,0.18181818181818182,8,8,1
534297,DRIVE364,11,1,11,0.18181818181818182,8,8,1
331618,ATM35,11,1,10,0.0,10,8,1
332181,SILVER8,11,1,10,0.0,10,8,1
339125,ATM35,11,2,10,0.0,10,10,2
401095,SKYDOOR18,11,2,10,0.0,10,10,2
411590,DRIVE755,11,2,10,0.0,10,10,2
449501,BATTLE,11,2,10,0.0,10,10,2
486691,SKYDOOR18,11,2,10,0.0,10,10,2
500398,DRIVE760,11,2,10,0.0,10,10,2
503066,BEST46,11,2,10,0.0,10,10,2
511327,BULL1,11,2,10,0.0,10,10,2
514357,DRIVE347,11,1,10,0.0,10,8,1
539800,DRIVE764,11,2,10,0.0,10,10,2
524342,DRIVE797,11,1,9,0.0,9,8,1
331215,DRIVE490,11,1,8,0.0,8,8,1
414388,DRIVE727,11,1,8,0.0,8,8,1
415407,DRIVE547,11,1,8,0.0,8,8,1
515149,ORANGE22,11,1,8,0.0,8,8,1
301063,ATM35,10,1,10,0.0,10,8,1
403206,DRIVE711,10,1,10,0.0,10,8,1
429410,DRIVE658,10,1,10,0.0,10,8,1
446603,DRIVE749,10,2,10,0.0,10,10,2
469483,DRIVE727,10,1,10,0.0,10,8,1
475800,PEACH6,10,1,10,0.0,10,8,1
475800,PEACH8,10,1,10,0.0,10,8,1
501373,DRIVE347,10,2,10,0.0,10,10,2
505235,BULL4,10,2,10,0.0,10,10,2
516219,PEACH1,10,1,10,0.0,10,8,1
519574,QUEEN11,10,1,10,0.0,10,8,1
522833,OAK1,10,1,10,0.0,10,8,1
523234,SKYDOOR48,10,2,10,0.0,10,10,2
524342,MAYDAY2,10,1,10,0.0,10,8,1
524450,BEST41,10,1,10,0.0,10,8,1
524768,BEST19,10,1,10,0.0,10,8,1
541251,CCCOIN13,10,1,10,0.0,10,8,1
401144,ORANGE31,10,1,10,0.1,9,8,1
420768,PEACH,10,1,10,0.1,9,8,1
516219,DRIVE795,10,1,10,0.1,9,8,1
416472,BATTLE2,10,1,10,0.1,8,8,1
491278,QUEEN5,10,1,10,0.1,8,8,1
402077,ORANGE31,10,1,9,0.0,9,8,1
431396,PEACH,10,1,9,0.0,9,8,1
501443,CCCOIN13,10,1,9,0.0,9,8,1
502874,CCCOIN13,10,1,9,0.0,9,8,1
400560,DRIVE629,10,1,9,0.1111111111111111,8,8,1
500799,QUEEN9,10,1,9,0.1111111111111111,8,8,1
524010,DRIVE635,10,1,8,0.0,8,8,1
536632,ORANGE22,10,1,8,0.0,8,8,1
442289,SKYDOOR16,9,1,9,0.0,9,8,1
475800,ATM50,9,1,9,0.0,9,8,1
480626,DRIVE547,9,1,9,0.0,9,8,1
480626,ORANGE31,9,1,9,0.0,9,8,1
519574,DRIVE799,9,1,9,0.0,9,8,1
524450,DRIVE712,9,1,9,0.0,9,8,1
541641,PURPLE1,9,1,9,0.0,9,8,1
541909,DRIVE712,9,1,9,0.0,9,8,1
410783,DRIVE538,9,1,9,0.1111111111111111,8,8,1
472979,DRIVE779,9,1,9,0.1111111111111111,8,8,1
479843,DRIVE711,9,1,9,0.1111111111111111,8,8,1
480626,SILVER,9,1,9,0.1111111111111111,8,8,1
524010,BEST41,9,1,9,0.1111111111111111,8,8,1
547613,BEST41,9,1,9,0.1111111111111111,8,8,1
411767,DRIVE547,9,1,8,0.0,8,8,1
425121,DRIVE658,9,1,8,0.0,8,8,1
452078,QUEEN8,9,1,8,0.0,8,8,1
461121,ORANGE23,9,1,8,0.0,8,8,1
506642,DRIVE754,9,1,8,0.0,8,8,1
506642,DRIVE764,9,1,8,0.0,8,8,1
514294,DRIVE795,9,1,8,0.0,8,8,1
522400,PURPLE3,9,1,8,0.0,8,8,1
539423,PURPLE3,9,1,8,0.0,8,8,1
539800,DRIVE712,9,1,8,0.0,8,8,1
331215,DRIVE650,8,1,8,0.0,8,8,1
338911,BEST37,8,1,8,0.0,8,8,1
405423,ORANGE23,8,1,8,0.0,8,8,1
431396,DRIVE658,8,1,8,0.0,8,8,1
446603,BEST40,8,1,8,0.0,8,8,1
480626,PEACH9,8,1,8,0.0,8,8,1
501178,PEACH1,8,1,8,0.0,8,8,1
505930,BEST41,8,1,8,0.0,8,8,1
510705,DRIVE355,8,1,8,0.0,8,8,1
514032,SKYDOOR17,8,1,8,0.0,8,8,1
515356,SKYDOOR17,8,1,8,0.0,8,8,1
523234,BEST41,8,1,8,0.0,8,8,1
523234,PURPLE1,8,1,8,0.0,8,8,1
524450,PURPLE1,8,1,8,0.0,8,8,1
532490,PURPLE1,8,1,8,0.0,8,8,1
532490,SILVER6,8,1,8,0.0,8,8,1
534538,SKYDOOR17,8,1,8,0.0,8,8,1
541251,DRIVE635,8,1,8,0.0,8,8,1
